Year_Month,aal,aapl,abbv,baba,bac,csco,dal,dis,fb,ge,intc,jnj,ko,msft,nvda,orcl,pfe,pg,pypl,t,tsla,tsm,v
2005-10,0.1746786482870936,0.07423996163440545,,,0.03895488421683049,-0.02622806512879176,,0.009946314752005784,,0.007127813241537347,-0.0466532761386549,-0.01042976647406132,-0.009492580817235936,-0.0011657316527368673,-0.021294882628903476,0.022580908134791394,-0.12935489684360402,-0.053570678174936055,,0.008568696842133882,,-0.017031639946274085,
2005-11,0.36102089308265295,0.17763523169075043,,,0.06048908503943053,0.005157621829396799,,0.022979024241189454,,0.05337650898806962,0.13921944167214453,-0.008728951925455595,0.011132273694394283,0.08020009337554644,0.07749580866540173,-0.006309557657137092,-0.016447459875924688,0.021432279223124514,,0.044444644124756266,,0.18564351909320378,
2005-12,0.10568644010065736,0.06001149565643707,,,0.005665639575564945,-0.023944799545756238,,-0.02814583768482694,,-0.011480114274355182,-0.0644677184899402,-0.026720917742936945,-0.055750674039673744,-0.055274700445823666,0.011341915390390313,-0.030952079432392268,0.09999973039949159,0.01206504459790327,,-0.016860555150247085,,0.03444667535624504,
2006-01,-0.2100162683506494,0.050354579672671054,,,-0.04160330090705635,0.08469549136405848,,0.055903368651082835,,-0.06562079808985917,-0.1482379610298827,-0.042595133918772836,0.0265442072366763,0.07648179230430859,0.22975891659887157,0.029484082626752818,0.10120062865209442,0.02823294683231276,,0.07392806553920918,,0.08980823154784687,
2006-02,0.12781199991201106,-0.0929674741060753,,,0.036625853336320915,0.08993030135805301,,0.10588682230965023,,0.011481934419492522,-0.026451395170447516,0.0075863868854278765,0.014257924161493706,-0.042236042866564814,0.048265271865315706,-0.011933209829615363,0.02967350364690279,0.011818308906306202,,0.06319853635287827,,-0.09907400440283484,
2006-03,0.20882427930222136,-0.08424589564090625,,,0.004190040939483737,0.07065251290587135,,-0.0035726773859446727,,0.058107798807256264,-0.05533995696814266,0.027233635106836164,0.012291839235976787,0.012653765009469036,0.21493755907147416,0.1022542487223881,-0.04849127195357444,-0.03837787006891067,,-0.019934775970972304,,0.03391572814358003,
2006-04,0.08150021850494064,0.12228984649512444,,,0.09617914814742604,-0.03322594610043543,,0.0025098826995971902,,-0.005462974662303144,0.026721635886862976,-0.010300570318573841,0.002149388007499245,-0.11245891444087827,0.02060761474269819,0.06574154527504807,0.016452485161723786,0.01567053541215373,,-0.018650446470882816,,0.041749617202876385,
2006-05,0.07951917399080481,-0.15087392571527158,,,-0.020390984102490347,-0.06062029967363772,,0.09084403320970683,,-0.009540094787650067,-0.09347069422153687,0.03384708548697061,0.049332532040035744,-0.058454566079318954,-0.21355219328391706,-0.02535987767486414,-0.05705822424376519,-0.06802985303171924,,-0.005722768797893436,,-0.0963741053899321,
2006-06,0.0822269165317871,-0.0418271603565986,,,-0.0061981321603849,-0.007621841084459122,,-0.016393393891235872,,-0.030458481309525446,0.0543842623068766,-0.004981976906393979,-0.008748091350579624,0.028697703456261093,-0.07354252902162735,0.018987338315001212,-0.008030743686095049,0.024885116488030292,,0.0702224030272663,,0.043499824749580966,
2006-07,-0.0959636686625321,0.18665960820121025,,,0.07130942846115046,-0.08448553710711051,,-0.010333292805146443,,-0.008191926240001897,-0.052631803408828864,0.04389172161196278,0.034402101662802324,0.032617747425807,0.039925067211125854,0.033126458251840726,0.10737094667224084,0.016437014787541615,,0.0882651513846693,,-0.05555531124371185,
2006-08,-0.07528999775318772,-0.0016184901185483196,,,0.0096485183308127,0.22986561286410387,,-0.0013472445771174197,,0.04190894184317642,0.09343825725030998,0.039731932926653946,0.006966327453994884,0.072096682535511,0.31481468341265195,0.04609197937828886,0.07022676970066964,0.10142351239299424,,0.03801285665222927,,0.07381773640545751,
2006-09,0.04923079368958911,0.13456110488053422,,,0.04080068991452367,0.045020648903068373,,0.04249576957774811,,0.044158406490592564,0.05109875745583841,0.0043304173370127845,0.011097670634664845,0.06420252574830354,0.01648891968535172,0.13282240896453815,0.029027442305568127,0.0012925042213351948,,0.045936586436547425,,0.03114922385811864,
2006-10,0.12474602825570577,0.05326101791527676,,,0.005600138856284212,0.05004341601882099,,0.01779349473929792,,-0.005382185921361275,0.03743335556155209,0.037880902769975064,0.0456584423589508,0.049725153494348515,0.17843905527360726,0.04114989627740173,-0.06029655235387273,0.027868143319272932,,0.06270312608340778,,0.010416574677546067,
2006-11,0.1383876125011159,0.13048829254772254,,,0.01005099184087882,0.11520896242241235,,0.05054046436825029,,0.004841665588033704,0.0076839569125070825,-0.016583350684589424,0.015846830310905936,0.026136804339238397,0.06079721539689391,0.03140244417125312,0.04067208694961591,-0.009465344027038561,,-0.0099265960310196,,0.10824743383592565,
2006-12,-0.05126850263549874,-0.07440545196320891,,,-0.008541921289515706,0.015607605455859807,,0.04643413561093898,,0.06281794055019885,-0.05373803809544073,0.0016683989983340376,0.030322468728706826,0.017030169134470835,0.0005405975469923753,-0.1002624427610218,-0.05783942819342693,0.023570693654141092,,0.054260869628075116,,0.016744234813750074,
2007-01,0.039554285691957854,0.010490232260234612,,,-0.015171247980738828,-0.02597860887915363,,0.02626213970422609,,-0.03117456083235522,0.03506207047130626,0.011814851715331524,-0.007668317185381355,0.033489047304967774,-0.17184546255207417,0.00116692082126625,0.013127882900289756,0.014172292854324742,,0.06370678189095937,,-0.0018296180051904183,
2007-02,-0.06591629470570118,-0.013064048041843593,,,-0.02250735367553998,-0.02554440811139241,,-0.02615862103521917,,-0.023705552089831567,-0.04741087252856325,-0.0524488980392433,-0.02506263818455762,-0.08400243336977813,0.011418890959309652,-0.04254099346510043,-0.03838631850303197,-0.021273353139776373,,-0.022056513733082084,,0.017415154756149943,
2007-03,-0.13023532811179883,0.09809712070925418,,,0.003737880054765542,-0.01580607315638971,,0.005255440518950034,,0.012890293296652944,-0.036757660851876414,-0.042428037312039785,0.04306967041915718,-0.010649741107558834,-0.07161277257547839,0.10346957319141274,0.012018725485436475,-0.00519764105259747,,0.0714672091473528,,-0.031531722225349994,
2007-04,-0.1877748194028037,0.07415781029345932,,,-0.002352060710560234,0.04739538682192905,,0.01597407066256956,,0.04242053232376751,0.12388950187729302,0.06571507628867072,0.0872916609687485,0.07427355966835168,0.14280811560265275,0.03695485153801414,0.047506252293182845,0.025263262088395404,,-0.009039178110759178,,-0.019534840473192986,
2007-05,-0.034921619037082394,0.21432860364894984,,,0.007286778806430166,0.006731334915158404,,0.013150621241745918,,0.019533465674462056,0.036971211147376316,-0.008343339877286015,0.015328897002913044,0.028370675435501345,0.05320729800292095,0.03085117609853678,0.050060741833388246,-0.013198769343294111,,0.06766516976042465,,0.035104584180090104,
2007-06,-0.15091149862104988,0.00701388644974891,,,-0.035890481410080076,0.03454691570434903,0.03412070917026394,-0.02349914697170242,,0.026276258140892055,0.07033346473208357,-0.026078552729463435,0.00047020571993826375,-0.03975227742202542,0.19255204025458167,0.017028022605701996,-0.0698438017861648,-0.037136012693314915,,0.0038701381008540334,,0.06459796733154319,
2007-07,0.02444662441107983,0.07964605243076411,,,-0.0300676751222151,0.03806090191255185,-0.09543194828485793,-0.033391696880186186,,0.012539178337650229,-0.00505434454361875,-0.018176184734284947,-0.003823535534136723,-0.016287917929191452,0.10772197347103618,-0.029934140746849244,-0.08056301575650228,0.016626363370898557,,-0.04813563432027181,,-0.08805026331278537,
2007-08,-0.0019347239762694563,0.05100175378442664,,,0.06874774711002793,0.10411627403881496,-0.052749618801759386,0.018181887045559564,,0.0028376585180977685,0.0952706782048702,0.028192510464560956,0.03204795054392443,-0.005495092861826006,0.1180074816008989,0.06066943469845307,0.06930688598052924,0.05577108906715665,,0.018130207614983327,,-0.02266019998280321,
2007-09,-0.15185783754141255,0.10824644900872821,,,0.004495479229881957,0.03790763740595178,0.06338891813169746,0.023511752122372682,,0.07256655503220741,0.00427191650567066,0.06327870808331357,0.08182942494443197,0.025408987927696698,0.0625488164297929,0.06755417857728312,-0.016505884795173262,0.07701709936370738,,0.06119917914873636,,0.020161518330017926,
2007-10,0.05371428668321652,0.23770125907986414,,,-0.03958609377544492,-0.0021133363482397087,0.15877405504607128,0.0069788791964416515,,-0.005797076175579708,0.04021681763256374,-0.008067144489357086,0.07464764597278695,0.24949131562379614,-0.02373100255073369,0.02401837726909763,0.007368420496305253,-0.006748976774646492,,-0.0038679399981208463,,0.05237158690530663,
2007-11,-0.2490963105243736,-0.04069498026158514,,,-0.04453177438669401,-0.15244993977314295,-0.04999983999192321,-0.04273763229556115,,-0.06972804451757497,-0.02637857855842707,0.045900028677317656,0.016480131927973478,-0.08418705603898016,-0.10853583819650602,-0.08976087910099079,-0.022694928113578126,0.0644417685418693,,-0.08566632351867251,,-0.06854484930700554,
2007-12,-0.29176692532768045,0.08703769228101584,,,-0.09258225806718805,-0.03390453065360608,-0.24645754674028014,-0.015725451390186142,,-0.023251052349979696,0.02223949355670575,-0.015352460715002233,-0.011754952990562274,0.05952418748354319,0.07863037334445033,0.11893002915932827,-0.04335063013815188,-0.007837401895685976,,0.0876729769362024,,0.004032381660271787,
2008-01,-0.059143347271731365,-0.3166396793944825,,,0.0700436743205789,-0.0949388200128621,0.1296172026735802,-0.07558865446894879,,-0.04612891833344099,-0.20855201521993272,-0.05337333944090559,-0.03861868080772414,-0.08427002491813089,-0.2771899784354135,-0.08990295729765309,0.027716370400818164,-0.10446522413898487,,-0.06484049726959554,,-0.07128500579034387,
2008-02,-0.1040463141768277,-0.07638893010764716,,,-0.09988638381158586,-0.004490054881087535,-0.20630196990734403,0.08612625158821813,,-0.05390559547880352,-0.04780581506958993,-0.012179397410315778,-0.009152380181357866,-0.16240201601856327,-0.13013418806705895,-0.08515813456067997,-0.03275144876208359,0.01161725950809403,,-0.09508935356208548,,0.05297297233999468,
2008-03,-0.2814514653348178,0.14781621092211225,,,-0.030042088184270618,-0.012299741762889683,-0.35580534615394205,-0.03178046800792488,,0.1167774322960288,0.06059114102745025,0.04696579256820531,0.054703538058715105,0.043382634303091874,-0.07480081575998336,0.040425723801525947,-0.06059287377015622,0.05877919164872496,,0.09962649204721076,,0.054414670297298136,
2008-04,-0.0359149750143565,0.21219531155452748,,,-0.009760337695593002,0.06434178191896882,-0.010465253164849303,0.03346104278892461,,-0.11645532754582857,0.050991417031114046,0.03422200947643725,-0.032857291821460896,0.004932786759113524,0.03840265109088592,0.06595098376143792,-0.03917796233703235,-0.037618518111855306,,0.02117582012532252,,0.09444977699347747,0.3381977037223598
2008-05,-0.5389987121275286,0.0850816810464852,,,-0.09403286755221568,0.04212132096100031,-0.2773204768461362,0.036077539986096134,,-0.06055019098449426,0.04754939998902658,0.001794214391477606,-0.027347807739362476,-0.0033570376543633085,0.20194651474494305,0.09544366448289258,-0.02196852637466975,-0.014914390675636957,,0.030741660035084155,,0.01868313947505348,0.03487081424100828
2008-06,-0.3686870202818753,-0.11290040304908705,,,-0.2843980998753916,-0.12949049152586667,-0.07317079344530045,-0.0714284758410976,,-0.12114092745249809,-0.07333912968003867,-0.03596046538580257,-0.08016033401929627,-0.028601670057585394,-0.24210526227406062,-0.08056036739337186,-0.09762390112881043,-0.07933380940997661,,-0.15563939188212672,,-0.047161364142081094,-0.05847612452619397
2008-07,1.0240005422159637,-0.0507049643337765,,,0.3782987815880914,-0.05460038726409728,0.32280669404226997,-0.02724363605024852,,0.059947762913149474,0.03305380942380807,0.0641901773149958,-0.00923444061280367,-0.06506747808205753,-0.38888885811495816,0.025238302921985523,0.06868942681523568,0.08353189662680885,,-0.07415287563953288,,-0.08257162709812867,-0.10146357101610405
2008-08,0.6778650352104616,0.0665616734322241,,,-0.05349544878464482,0.0936790023177164,0.0782493956001944,0.06589765537236886,,-0.006716480084248707,0.03709237573991285,0.03530705427992459,0.011068052134730982,0.06527412629828577,0.1048952227946643,0.018578746172484107,0.04045947491919867,0.06551614457676694,,0.038299129263196244,,0.02210552727849523,0.04490091768385983
2008-09,-0.2897525459716634,-0.3295579093380579,,,0.14644284712226807,-0.06195427109611751,-0.08364063499693304,-0.0513136401973261,,-0.07984368537092751,-0.1810236107529528,-0.01632854841271713,0.03010522976947104,-0.021986251076930113,-0.1526897170006509,-0.0738714774163927,-0.03506025729034863,-0.001146593059866913,,-0.12722703277019035,,-0.03501583571094621,-0.19117274187887662
2008-10,0.6815920823671366,-0.053405108813584644,,,-0.30942894714682184,-0.2123226836519685,0.4738252161074928,-0.1557510668776919,,-0.2349015625731146,-0.14415346804059592,-0.11460734199254488,-0.16679271095978968,-0.1633573215747637,-0.1820727870943168,-0.0994582771098832,-0.03958780736449609,-0.06797702912138412,,-0.026053911958062483,,-0.11846286620535808,-0.09838742166789469
2008-11,-0.4122287593592661,-0.13867462875698391,,,-0.3276790158067864,-0.06921741618885346,-0.1976320318396472,-0.1308377512411184,,-0.11993878258363141,-0.13163756341632057,-0.03705807988852041,0.08202222906487365,-0.08835707121544967,-0.14726057842130727,-0.12028472445347407,-0.05586485325993285,-0.0029443740579109604,,0.06686545015880387,,-0.13438269574417014,-0.04293349144890554
2008-12,0.29697995077970607,-0.07899005266481461,,,-0.11380392186408922,-0.014510859626866887,0.30079452674787294,0.022651495654010822,,-0.03760911602910844,0.062318484249499796,0.021338513055282414,-0.03413685922015111,-0.03857551449256862,0.08032102952888082,0.10192693040618003,0.0779061668325274,-0.03931594320887188,,-0.002100523662316591,,0.10489516307110835,-0.0020928516648674976
2009-01,-0.2664941630345808,0.05600492245931803,,,-0.5326705035099356,-0.08159495666465742,-0.39790569760646605,-0.08858521876529596,,-0.2512345995668423,-0.12005417779829261,-0.03576811118564751,-0.056328671290700565,-0.12037032333916989,-0.014869754725887323,-0.0507613866917139,-0.1767362161685487,-0.11222512315021407,,-0.12344097129189847,,-0.04556934938868458,-0.05910400318774786
2009-02,-0.49735459434838586,-0.009098228953295678,,,-0.3996959812718179,-0.026720091018682186,-0.27101450211184586,-0.18907147774980088,,-0.2769689932741557,-0.0022292175219718762,-0.12611155588423537,-0.043773672028850207,-0.0490803362157296,0.04150957670247869,-0.07664896428577786,-0.13753536681761433,-0.11614670562207785,,-0.03452509801706254,,0.0,0.15817173483119318
2009-03,-0.1122805112042786,0.17702425225794408,,,0.7313259166859002,0.1509950601010762,0.11928416120598631,0.08288609806892767,,0.1880141085258393,0.17974853907812674,0.05200015915742319,0.09889829439505929,0.13746173856957422,0.19082124091346508,0.1628057507518186,0.10641729080819697,-0.02242074406390964,,0.060160105866847446,,0.18700221024543326,-0.019573342397998288
2009-04,0.49802343805524735,0.1970127143073309,,,0.309383400200103,0.15205750025363987,0.09591465641907035,0.2059470000167712,,0.2512361570214344,0.04990009789452059,-0.00456279664840728,-0.02047786218776645,0.10288487744242886,0.1643002597969686,0.07306361072057885,-0.019089544157056774,0.05897533778402097,,0.03258813887506072,,0.1810057985467162,0.16834560530301138
2009-05,-0.31926130474508996,0.07931312198115013,,,0.2620383595618599,-0.04244307645044209,-0.05834664678848837,0.10593612136750027,,0.06561244762498099,0.004640307565718112,0.06279720370449124,0.1419277318910458,0.03764362563833872,-0.09146324113949428,0.012926549642572198,0.14985977111330973,0.050565942701405735,,-0.03239629433751613,,0.03500476421892689,0.049089881447214115
2009-06,-0.058139282987496876,0.04874467091226519,,,0.17227912541284318,0.008107717799015686,-0.00344254943051954,-0.03674649107011147,,-0.12311878523426635,0.05279903832907971,0.02973156218203267,-0.006979518801963398,0.13786539879659737,0.08245427193911953,0.09341495228599657,-0.01250845558823821,-0.016172431514071033,,0.0020167770938312596,,-0.13985409064074394,-0.08049069956576835
2009-07,0.20576127233058147,0.1471600912519811,,,0.12045432142575507,0.18016128975369997,0.1968913920249684,0.07672528182824921,,0.14334427872321032,0.1631417309058976,0.07200694674046465,0.03855021446775848,-0.010517116560755812,0.14526140853830863,0.03567374766662643,0.061999988608817024,0.09498387047777193,,0.07405798996807919,,0.1725708855095249,0.05139754316981941
2009-08,0.1604094688219317,0.029500289124885403,,,0.1893166508090605,-0.01862787369286423,0.04184663643693511,0.03662421014009887,,0.03731340025554233,0.06328983964554517,0.0006539633417166911,-0.021468692696315333,0.05393688637756355,0.12296960108709783,-0.011296532993287894,0.05887917070412703,-0.02522080578245368,,-0.0068625737979046515,,0.021967850961205373,0.09284956196237862
2009-09,0.3823531840122177,0.10189610875595356,,,-0.0375050670527654,0.08981452036551277,0.24099796290553507,0.054531578605329444,,0.18856630195471802,-0.03690985312661891,0.007445626089372774,0.11923140919229541,0.04340771800474643,0.035124107560576184,-0.04753206537831263,-0.008981980925544933,0.07041193695822201,,0.03685222541781284,,0.024298861895652734,-0.02798892794887344
2009-10,-0.3489363330115954,0.016995209031568176,,,-0.13829798135317328,-0.031011043705689623,-0.2031252368350279,-0.0032774325565667873,,-0.13154679657760457,-0.023505089101821513,-0.030218238918803715,-0.007262348338083482,0.07814932648688638,-0.20425827614079892,0.014915585750340644,0.029003188427691437,0.009019017831996799,,-0.035038868740815056,,-0.12956186466281672,0.09622309452853411
2009-11,0.20588228730988858,0.06053006335468872,,,0.08710588677389712,0.02586598543721195,0.1470588854442053,0.10412830483014991,,0.1234217921269156,0.012370738948140423,0.07260151151926782,0.08832686990889355,0.06527217293777154,0.09197317919299668,0.046445189681788436,0.07714452009198028,0.07499996327388354,,0.04947408910914892,,0.08909852162273382,0.07582125741570041
2009-12,0.3116534943170662,0.05412475970309493,,,-0.04924427485404346,0.023076939710630053,0.3894994338352829,0.07948096207631587,,-0.049167286332089104,0.06249993114996089,0.024984103444746067,-0.003496624826848623,0.036382205126940195,0.4303220303805002,0.11096038963889365,0.0011004673293437451,-0.02758592651752959,,0.040459928158069265,,0.10105847805200228,0.07975369882361047
2010-01,0.09710722015635648,-0.0885969952014021,,,0.007968237789721333,-0.061403540290620874,0.07469225676985106,-0.08372092707443565,,0.06278919028175241,-0.049019740619691866,-0.024064645792898548,-0.048245608296710436,-0.07545931032891096,-0.1761242835385452,-0.05802754289360676,0.02583876066254922,0.0224630785033866,,-0.08169320741692096,,-0.11188803266172893,-0.062085436426114644
2010-02,0.38041424606551205,0.06539638317054568,,,0.09749687989266859,0.08277707212624398,0.056418739079626724,0.057191130384649874,,0.005241314060338905,0.06671278853651895,0.009895778379680503,-0.028202980246387732,0.02214562923766,0.05263152575365605,0.06895091175326606,-0.05060379191504883,0.028107248707891913,,-0.0216880376130849,,-0.040354224591888664,0.0458997110752667
2010-03,0.002728620561307949,0.14847010554891416,,,0.07207984204656152,0.0698725575046864,0.12925700639898677,0.11747771789652064,,0.13325089112950356,0.08572813097286093,0.0349205489117435,0.060465444742011286,0.021625377045560407,0.07407409066919975,0.04300187470686803,-0.022792053849858315,-0.00015833556980584967,,0.04151574233206586,,0.07589725755621421,0.06742508874546516
2010-04,-0.0380951535497311,0.11102173888459779,,,-0.0011207427509759811,0.03457538549253246,-0.17203563565508148,0.05528527638686458,,0.03626313466791165,0.02467489586807045,-0.013803822800304696,-0.028181955770577506,0.0426767977340726,-0.09712645753721458,0.008152195986517808,-0.025072937665364746,-0.009985578735449727,,0.024874297722074584,,0.009533111808755068,-0.008788313096437957
2010-05,0.24893893232332004,-0.016124826862449933,,,-0.11721800517780886,-0.13999236964154507,0.12417225738339438,-0.09283416257809946,,-0.13308561269784608,-0.055557329137981525,-0.08503094487396377,-0.038353647720649725,-0.1513941695375944,-0.16359003804534616,-0.1275607117340171,-0.07951521350021143,-0.01721400410876598,,-0.06753651630833604,,-0.07932016438831363,-0.192141642910298
2010-06,-0.0249149565465845,-0.02082680487647909,,,-0.0864478322787541,-0.07987940834583124,-0.13475718204826104,-0.05745075129452879,,-0.11221760994580524,-0.0919704085014884,0.013035955053986657,-0.008263404783644207,-0.10813982285277944,-0.2229830353156887,-0.049180423490232945,-0.06368999017319077,-0.018169646929201866,,-0.004526326941472908,,0.0010255719761421227,-0.02359913844354811
2010-07,0.2601623771514937,0.022740824212291837,,,-0.02296418035257772,0.08259061207291919,0.011064046199085766,0.06952394888744372,,0.11789210045926413,0.05912639567983678,-0.016423950586706666,0.09956118976074015,0.12168639557694874,-0.0999025198586081,0.1039462084960623,0.05189346016275401,0.027649928013978357,,0.09111743886316424,-0.1632395953747394,0.08635264864089938,0.0367490491814735
2010-08,-0.1668201776774572,-0.05500472736196626,,,-0.11253588578670935,-0.13350647712785646,-0.11952881867858522,-0.034134892404888456,,-0.10173735106080055,-0.13568969837714906,-0.009162724984419815,0.01397204543781791,-0.08581148685460405,0.015234150078245795,-0.07614220014907525,0.07248075684484644,-0.024362196331241905,,0.042020342753116835,-0.023069210021424192,-0.06930691052155212,-0.05328851001408147
2010-09,0.02323024817918156,0.16721473471303266,,,0.05220910412567262,0.09554734487841418,0.11281079949834223,0.017209764811051805,,0.13087512750952285,0.08658772988689017,0.08663607995465014,0.06323262241089771,0.04345979312919783,0.25187572193913643,0.229395634553093,0.07919569819264176,0.005027366515871846,,0.058083369450386606,0.04774124093201594,0.07872327068939962,0.0765437854891552
2010-10,0.27459437705326795,0.06072249736482755,,,-0.12595423090595642,0.043835779122200796,0.1932990967257797,0.09154063399928154,,-0.014153724302000821,0.0442704329683508,0.028728550801789217,0.04784689039900847,0.08901545330855215,0.029109761585722222,0.09623950317665976,0.014560518752207539,0.06817584577818225,,0.011674761804172002,0.07006375974321348,0.07593715076631101,0.05251820171835506
2010-11,-0.053435225193996655,0.033789810695911006,,,-0.0436681923397694,-0.16185484096776526,-0.01511862572703909,0.010517531471713172,,-0.011860528132444988,0.06362379662971235,-0.026048488208356393,0.044506909490074055,-0.04704888571872941,0.13227927092358369,-0.07930563394907246,-0.05461992739145389,-0.03932657461083001,,-0.02559601796107474,0.6176739778785987,-0.014665792749640234,-0.0475225461191989
2010-12,-0.10304638453322548,0.03667009891141432,,,0.2193784101054696,0.05584556358361276,-0.07894743657447421,0.0386275850350683,,0.1648762121536725,-0.006143876398151553,0.004874236976632602,0.041158808185990374,0.10490907291169864,0.13152113250170952,0.15711641383128197,0.07423314950317035,0.05338139408613153,,0.057215066710509084,-0.24624961433280992,0.1665120435316661,-0.0469871090040768
2011-01,-0.008991286422663326,0.05195981664329315,,,0.02923528122431153,0.04547710477727895,-0.07380964979347214,0.036256706676509744,,0.10114836763131865,0.020446775449381307,-0.03362994744861235,-0.04439736458416144,-0.006449503408555393,0.553246385965243,0.02496642081614052,0.04054819018328519,-0.011381942225800964,,-0.04967799151569166,-0.09500563681304475,0.04226465781657233,-0.0075305952547921095
2011-02,-0.13205624642830774,0.040934515793932175,,,0.04078662096975934,-0.12245888129022373,-0.03684673657502407,0.12528952464127477,,0.04620707317505131,0.008936402571819576,0.037236877380094895,0.017024941130944538,-0.035805687064752685,-0.052675491332727344,0.02716195145551108,0.0670864270713227,-0.0012670617085129292,,0.031249996293022733,-0.008713753575907576,-0.05967862822545693,0.05429551393375301
2011-03,0.011614564926422486,-0.013306357141519847,,,-0.06650952805524912,-0.07273311068264603,-0.12811393712910443,-0.014860415691505535,,-0.04158679415497741,-0.06008337127746725,-0.035644556658713605,0.053020239102068996,-0.04477036933095958,-0.18534846602936597,0.016109514937177095,0.05561351365236164,-0.022997994547740215,,0.0785766311519611,0.1615739498804015,-0.008950511699309644,0.0078029811512499185
2011-04,0.04362780629515092,0.0046481584433018305,,,-0.07876992219678004,0.021574406811678465,0.05918388228757127,0.00023193897159848477,,0.019949986114604325,0.14717521037812487,0.10919859821820073,0.016882501594456704,0.020874283162323443,0.08342310753749424,0.07760791430296755,0.03249604636681045,0.062309012352421665,,0.03110308829656998,-0.005405443022944716,0.10837452759301489,0.06112433338681898
2011-05,0.0011001811414974728,-0.00656899474372748,,,-0.043159608548116984,-0.04109613583216527,-0.02890193737670508,-0.034106521843795826,,-0.039609154856040704,-0.020010034238791375,0.03276938271877334,-0.009635272941253556,-0.028783639905243245,0.0020005004361966145,-0.04838677244254826,0.032791862027801474,0.03235768798487295,,0.014138879965048425,0.09202896716639258,0.011851642503854063,0.04541712088387218
2011-06,-0.02087902425153232,-0.034959598344808766,,,-0.0664394186562346,-0.07083331801380588,-0.09027784582468665,-0.06221497805260112,,-0.03149895150943,-0.015548918048333733,-0.011443066700334672,0.021874557919353676,0.03958434514754377,-0.20459088849192875,-0.03828177787780362,-0.03962705820441317,-0.0511941138110902,,-0.004753016135145048,-0.033510230324692254,-0.03791835687476554,0.03947668304873703
2011-07,-0.29966355043416915,0.16328532781279514,,,-0.1140512182922613,0.026947383415894074,-0.13958528023842645,-0.010758005030788836,,-0.05037139173214359,0.007671734089973807,-0.02600741445996786,0.010700078440161362,0.05384606924794267,-0.13237147769264979,-0.06915359279186173,-0.06553376468452582,-0.024795622144482866,,-0.05561095552322534,-0.03295578133522257,-0.01982515670246951,0.015190581464893823
2011-08,-0.10416645051345035,-0.014469355664535,,,-0.1575618811400263,-0.018785158428142202,-0.04562742092064602,-0.11807350955045341,,-0.0893353965781407,-0.08972143832920629,0.024637346302606812,0.0358770230693386,-0.02306941298839293,-0.03759967039274324,-0.08207978901564929,-0.0030342216830085457,0.03561570735938493,,-0.026657236340884575,-0.12176071914561341,-0.03155350061639243,0.03458837766718419
2011-09,-0.01610031421029306,-0.009120824526969695,,,-0.25091793401998136,-0.010848763408786592,-0.003984162867057436,-0.11450398573522325,,-0.05751864530761371,0.060109371699602544,-0.03206706670391091,-0.027850975562349882,-0.06428600309803553,-0.06010518389652541,0.02386880853546028,-0.06849328319222883,-0.007851854739142449,,0.001404237126107651,-0.014147164977563211,-0.04511260592804369,-0.02457867425518978
2011-10,0.04909077666367234,0.06152268046634028,,,0.11601318846697926,0.2002243280024105,0.1360004626511212,0.15649877318220248,,0.09789755044594783,0.14995342861204616,0.010990579126297006,0.011249355566995151,0.0699076393912293,0.1830537607028042,0.14250236726896706,0.08936694624801905,0.021077740227204437,,0.0435503520086799,0.20418211035545095,0.10411163899537029,0.08796062700232472
2011-11,-0.1819757946033663,-0.05578336434796894,,,-0.20194303812983547,0.005936571355975704,-0.046948733357434776,0.027809604362943545,,-0.04787573344147126,0.024094519444116603,0.014453076886963631,-0.0015527207164486403,-0.03219635007209026,0.056081087898191995,-0.04333233659097693,0.05254467200298454,0.009063892772323244,,-0.0112586312510228,0.1147428971842823,0.023771959086919855,0.049438273717608824
2011-12,0.07415285704396311,0.05965505044073744,,,0.022058933191870023,-0.03004305093812983,-0.0036946074148252743,0.06359070504851606,,0.1370712941452809,-0.02649529747647545,0.013287888083498072,0.0407553458584193,0.014855608439116907,-0.11324380860257428,-0.18181811260494804,0.0782262201852771,0.03314251906302063,,0.04347811075445742,-0.12767256928648688,-0.0007742390658573488,0.04702495843999256
2012-01,0.664693953045146,0.12711099540778695,,,0.28237425818927153,0.09045540031868973,0.3040794110234962,0.03733314942712611,,0.04466781949015452,0.0894846435318651,0.005032315413746729,-0.03487174457528651,0.13751922156122487,0.06565667221357092,0.10226062937726083,-0.011090990646552164,-0.04746741841147151,,-0.013163908240701065,0.017857184597090958,0.09062764522458737,-0.008766077932693118
2012-02,-0.12203779753268604,0.18831047948338894,,,0.11919023939419424,0.011704680787402683,-0.07014235661303404,0.07943458720798355,,0.02754131283048232,0.025540880850442666,-0.003871418595676057,0.034502980583125904,0.08191534099537505,0.025727797965427516,0.03686641108247126,-0.0023603865686011635,0.0726526123666206,,0.04012225603670615,0.1492948075600422,0.03125004240730171,0.16519768704462395
2012-03,0.02429143165127019,0.10528340813469349,,,0.20075250898048366,0.06388359606796082,0.011212853462559617,0.042629084410412896,,0.053543210362464864,0.04613092558136516,0.01352202718263002,0.07503572045127826,0.01638313706324918,0.016501805128775162,-0.0030765955796384233,0.07193598525292151,-0.006063493858168515,,0.020921788913840354,0.11463630284939097,0.05234160287128352,0.014006947329772541
2012-04,0.3517787846655226,-0.02596953190561193,,,-0.1525598161088256,-0.04319661671703756,0.10483903697403342,-0.015303595648664953,,-0.02441447227356388,0.009957272295503214,-0.01303847976266108,0.031212067126751373,-0.007439586556289257,-0.15584437009170346,0.010280928799860893,0.011037115128035907,-0.045107446907365976,,0.06868932553753189,-0.11036520297462392,0.019633393391550874,0.04220352018768432
2012-05,0.28849895192252706,-0.0107022143541557,,,-0.0924918410434571,-0.18998021254434372,0.10401463625694402,0.06031058953939523,,-0.025025586039025428,-0.08354534867019574,-0.03167794997298381,-0.020833374417540972,-0.0824004583640704,-0.04384619035445232,-0.09965993238626283,-0.0355138517845769,-0.021213047137526225,,0.038286259510972934,-0.10956834290593893,-0.11874200654283094,-0.05613960201688572
2012-06,0.008320882222721815,0.010852650486374736,,,0.11292530587695128,0.051439196205850184,-0.09504158079696254,0.0610369698711298,0.05067567502259338,0.10443877018116283,0.03134686168837753,0.08217193788847166,0.060686732510605225,0.04796139918117087,0.1118264984174496,0.12202543230079163,0.051668830458057334,-0.016695733432871892,,0.04360545589082314,0.06067793149983792,0.016751846595969552,0.07317727666842587
2012-07,-0.14028532796870835,0.04582215548140693,,,-0.10268962751570103,-0.06670569377999776,-0.11872123823351084,0.01319589911085323,-0.30192929845080974,-0.004318514577841739,-0.0356474950971718,0.02457073406414253,0.03338050722482072,-0.03661325406986691,-0.020260151948138284,0.018939195261160054,0.04521757638533299,0.06285448545592394,,0.07661940051143223,-0.12368164010040554,0.036758589678406936,0.04400210994437076
2012-08,-0.069807790374486,0.09387627768964206,,,0.08855595032362162,0.196238156950502,-0.10362705166530752,0.006715683456655637,-0.168125277404586,-0.001927759110551101,-0.025388463367270117,-0.017007606944699258,-0.0742576361683782,0.05273765095257718,0.03618852597747826,0.04801338522356422,0.0016787646612042668,0.04105983261725201,,-0.033755208807385924,0.04011666337123858,0.05225482995538262,0.00042459263573091285
2012-09,-0.018761609995259918,0.0027963360957508994,,,0.10651476156246208,0.0010481172440004246,0.05895945822417081,0.056801815166666596,0.19933557518972364,0.10528390513312733,-0.08739420775754098,0.021948725884323398,0.021064871327165825,-0.03439332850962342,-0.0491804296466618,-0.006003274476191787,0.0414924032985988,0.032296412991494314,,0.028930180455062016,0.026647957663146815,0.0761905446962431,0.047017644530398986
2012-10,0.1644356252639605,-0.10760027770075142,,,0.05549239585109542,-0.09544287800299783,0.05131023470289161,-0.060443659405289916,-0.025392393394973158,-0.07265529724085779,-0.04545486563664796,0.02771748281308035,-0.019773112027742488,-0.04099466700577654,-0.10194903108123676,-0.01014100121672002,0.0008049999315285065,0.006467479300083525,,-0.0718415437333042,-0.03927595989942775,0.005056883134829207,0.033363040948707776
2012-11,0.058292487405700553,-0.012374494922530066,,,0.05794019194784786,0.1107826006196248,0.03842136520085563,0.010993585253760006,0.326385560892397,0.0033241585099242975,-0.08591471092003586,-0.006684305356878433,0.026900857943514902,-0.05960948656530073,0.005611607287377203,0.03539247412967796,0.015068665065994783,0.008521167320430876,,-0.013298702893797955,0.20227515572428778,0.08616377272145553,0.0890044118999407
2012-12,0.04732342397496953,-0.0907428069036978,,,0.17867396893099613,0.03913306490444154,0.18699989575318218,0.01801426930409452,-0.049285684313092916,0.0028052180375282686,0.05365341590982524,0.0053061325485753725,-0.04403994805750906,0.0033806906476045316,0.02422763456471159,0.041220949131510747,0.0023979587422733057,-0.02778207003395377,,-0.012306007550728195,0.0014784489905489803,-0.006369648042220837,0.012491209212563512
2013-01,0.05777776745366156,-0.14408955539317322,,,-0.02497852872287628,0.04681927207903906,0.17017725118080473,0.08214499085888244,0.1637865727102843,0.06145821288441089,0.02036892010523327,0.05449354508326615,0.027310531383061748,0.027705349899985174,0.0,0.0657264394728182,0.09722616822429907,0.11606095387331303,,0.045330216879456056,0.10746968839037406,0.03379945196119764,0.04175978582677307
2013-02,-0.05952383398051684,-0.02528597526119234,0.0062688290875745865,,-0.007058164673126259,0.014098230455223924,0.027357848157523526,0.013177399500541965,-0.12040024523406025,0.051062337208690994,0.003061051276846916,0.03786290038419386,0.0397418141844231,0.021135113415719903,0.03896146351867779,-0.03576480131084433,0.003298859352175256,0.013570931651415388,,0.032193168440194445,-0.07144758534921299,0.02874877914424908,0.013151820833737575
2013-03,0.2635890870763486,0.0028545512420819785,0.10455044858855368,,0.08459493176141594,0.001917545429733271,0.15697263382205692,0.04048350746222766,-0.06128440646950258,-0.004306828920229029,0.04597720444777209,0.07121243937581302,0.05198191823641655,0.029136733203802598,0.013427877210730752,-0.05578257754427262,0.05443941421648173,0.011551544655078353,,0.021720683981234147,0.08785529450444154,-0.05808227509924913,0.07060019872321029
2013-04,-0.004124894831485376,0.00027076715641171604,0.139680538286566,,0.010673085366348969,0.009048333311574593,0.03815879587975965,0.10633818627411508,0.08561378188387139,-0.03589970429577362,0.09661179296142228,0.04538217998511151,0.04673617431248574,0.15693820297777383,0.07326586556170532,0.013918976236481875,0.007276249072853185,0.0035500182112133093,,0.033215684123727336,0.42491425677649275,0.10994761776561403,-0.008124904636978228
2013-05,0.03964507677690418,0.022419517577598046,-0.07296365714743602,,0.1096670004838005,0.1529635410307082,0.05075846496915147,0.0038192113106615727,-0.12315448397257099,0.04620864538806656,0.023328509011685167,-0.004895176232616996,-0.055279887715608496,0.061774170576956604,0.05617299287589866,0.030506360102231667,-0.05548677964722551,-0.00013033401584312728,,-0.06593687298567301,0.8107056341854519,-0.02201258104805809,0.06525944442398261
2013-06,-0.06545266619923261,-0.11829292902114837,-0.031623385305672325,,-0.05785996194538163,0.00912081228852915,0.03886732510699213,0.0011097067745197168,0.02176586328516867,0.002688035603545455,-0.0020595133951474024,0.019957145192115652,0.009933219396202696,-0.010315155967959946,-0.029716577827400618,-0.09088210403364465,0.028644759633834893,0.0029970794916323227,,0.011717677865852963,0.09819967633995094,-0.018220735583212782,0.025878410424197053
2013-07,0.17844088645459438,0.14122488806291822,0.11025908600147469,,0.1353030766567691,0.05875092660420929,0.13468710891124333,0.023752910565293876,0.47909969768369826,0.05088429801554006,-0.03673117949719035,0.08898220780864029,-0.0007477763374692649,-0.07817032872250194,0.028489719197814196,0.057428431347135454,0.05206603896683872,0.05079810539784781,,0.00899990908026512,0.2507451912998183,-0.04729239030384624,-0.03140888042493339
2013-08,-0.16485783377522953,0.0837671926234974,-0.06310471449624659,,-0.032876707119700865,-0.0890973789427338,-0.06798892556005337,-0.059087356090118025,0.12201091770526466,-0.05047187005547878,-0.04905449543401854,-0.06886599091856035,-0.04740553760177852,0.05638680542779321,0.026618535951241227,-0.015146640701122413,-0.03489575535267627,-0.030012714350647153,,-0.04082777865203447,0.2585641236228345,-0.0247350000056356,-0.0073211788659051525
2013-09,0.17326720060535558,-0.021489660547732797,0.04975350814376914,,-0.021976670911591095,0.005147858207664495,0.19564056482837255,0.060167508301087254,0.21651727848102437,0.040683001261996934,0.04276597935332686,0.003240232388273573,-0.0006419135440858065,-0.003592796725306359,0.05491519892849867,0.04111733506268128,0.018433396643744812,-0.02952864159962901,,-0.0002957724810951878,0.14420120293885186,0.024154696498144695,0.09563170327472234
2013-10,0.1587550997346052,0.096382053095261,0.09292153823092042,,0.012319243947996685,-0.030094548364124125,0.11827053180084307,0.0635759976091852,-0.00039817754222462847,0.09418167394405863,0.06762651364911046,0.06828949065325433,0.044614492203653947,0.06400242141943725,-0.023778768109157876,0.01360809468807625,0.06822122648134586,0.07660831466565048,,0.08472944994211251,-0.1728809782685354,0.08549517718518687,0.029146717189741204
2013-11,0.06873040462227599,0.07005251886318602,0.0,,0.13242635657020244,-0.05806755745976652,0.10103380617199531,0.02842968579229039,-0.06373234059526296,0.019892769101615207,-0.016625219933552295,0.02927169457045853,0.022783578288048775,0.08498134100602685,0.032553330402669126,0.053432824142831445,0.04189150054172871,0.04297211758924695,,-0.02734831269322228,-0.20420161678619397,-0.03693646819355352,0.04294136897355282
2013-12,0.07538317891976969,0.008901830336504145,0.08998990499733442,,-0.01516905786005041,0.05552988194849448,-0.0521049609275082,0.09644465140361305,0.16251868702675862,0.06023819461320483,0.08892569883647951,-0.03243204784867461,0.02786776323565547,-0.018883292360467513,0.026923117443262035,0.0841594497968651,-0.034667326205675614,-0.03336500377168832,,-0.0014197964771490142,0.18188251028845126,-0.016356304747923423,0.09446553416129146
2014-01,0.3287129994895141,-0.10769659123904572,-0.06040636027765174,,0.07578691082908756,-0.015723463495491332,0.11430679796599477,-0.04960733857749956,0.14492219483644267,-0.10346046519436289,-0.05469928997303382,-0.034064627530245126,-0.08448332745929568,0.01149442862960073,-0.019975048497578928,-0.03247755951844943,-0.0075090293471674644,-0.05172434474346128,,-0.03969323571796051,0.20594299547050668,-0.029816518323442072,-0.032558035582793576
2014-02,0.10074497549945596,0.05751090513517211,0.03412567120984735,,-0.013134394293451104,-0.005020644359550048,0.0870486922485163,0.11293210375513656,0.09413455998683115,0.02274232640186275,0.018586400940285668,0.048749381216807004,0.01004749705347117,0.020012484327726628,0.1759865904996773,0.0598913728434863,0.06505761572037497,0.02662492525905734,,-0.04171662921911412,0.34948458691830786,0.06796682406391431,0.05638855659792668
2014-03,-0.008935691465594526,0.01995320254623842,0.009624493772392283,,0.04115463429702503,0.028440269263455907,0.04336068692770229,-0.009157232776664321,-0.12007007765020886,0.016489746931776773,0.042407069260020414,0.0663265144664567,0.020060385451687725,0.0699561463760481,-0.025571031206553577,0.04602409476790292,0.00031151199693558253,0.024663191809620958,,0.09833994255658748,-0.14852340399506198,0.10791392575161063,-0.04461360749062542
2014-04,-0.04180327370439591,0.0993961239713827,0.02229755421404599,,-0.11976748933346228,0.03958674812496896,0.06291524938976512,-0.009116897076498922,-0.007636170092179016,0.03862516589837104,0.03409546188654888,0.031151386572149255,0.05509572743577154,-0.014394190753767003,0.03126731410999856,0.0022459293113494426,-0.02615201548516853,0.032370934815526026,,0.03133203651491902,-0.0026864839387880607,0.003995889095929121,-0.06138246851425101
2014-05,0.1451381621531812,0.07870932697451298,0.04320296590571027,,0.0,0.06533942379968412,0.08535464690918686,0.05886045621790562,0.058882578281060874,-0.003718909839419117,0.03239966192667452,0.008659419664185763,0.002942230249774456,0.020515403957959918,0.03343294379678683,0.0278866994839855,-0.04430610143188802,-0.021320386731532578,,-0.00644264035603806,-0.0005771865171211357,0.022885496937305363,0.06837397091813914
2014-06,0.06972099772078331,0.027661931295907636,0.03883665735800013,,0.015844772537688918,0.009342088875532891,-0.029817028789741896,0.02059279655715077,0.06303320263123718,-0.010618531879885295,0.13103948265184293,0.031145339269294667,0.04323093626805245,0.01856378691846349,-0.024210394793663426,-0.03545976791479109,0.0016875582635853693,-0.02723103153856427,,-0.003101411333448883,0.15541223589322153,0.040369565649937975,-0.019177945313760113
2014-07,-0.09337775946311885,0.028731237905492348,-0.06560928137684591,,-0.007807303135025224,0.023041793314503605,-0.03254138456084733,0.0016328554337016025,0.07965523164548996,-0.04299882957240301,0.09676374526089505,-0.0432996195033646,-0.07247397822236103,0.03501214843029301,-0.056094739430029024,-0.0005529519749542341,-0.02448778123692702,-0.008305318172893528,,0.01952457011810002,-0.06981590264402086,-0.04394293748415331,0.0014237798828286798
2014-08,0.0007720122445650847,0.07750870030564168,0.056171102710863466,,0.05508178570221519,-0.009512279440221774,0.05922505740025108,0.04657644872255492,0.02986921023218878,0.03300219953383014,0.0372466168381832,0.04337708489705132,0.061847812770957945,0.059168997548604864,0.11634480236241773,0.028224699838306524,0.024041722672728482,0.07488394229179186,,-0.017701653900346274,0.20779218116890832,0.047000312695910186,0.014877184277488282
2014-09,-0.08744840352765089,-0.0170728482376716,0.0448624767953333,,0.06293089070380029,0.01487894495227929,-0.08665978243421996,-0.009457005916335663,0.05640204808761914,-0.005192315619859009,-0.002863880339837701,0.027571729439302008,0.029980400252428797,0.020470884029156623,-0.05141374264743864,-0.07825638637472024,0.006124552100844271,0.007580079237454005,,0.00800921189690048,-0.10018538127914285,-0.03629414533680461,0.00399983834441632
2014-10,0.16837016420602963,0.07195976026248409,0.10688080376206847,0.10973551116987171,0.0064518928972952345,-0.02781086035420225,0.1128625858063352,0.026395779610227012,-0.051239916559289826,0.007416109544949468,-0.02326231477401372,0.011164232370819272,-0.018284081654136926,0.012726531526736612,0.05907858295423323,0.023272054618558698,0.01285103772364374,0.05014237437543833,,0.0016914973553231068,-0.0040382221102327745,0.09117921972161039,0.131508384571437
2014-11,0.17363998057758417,0.10597882096767584,0.09045051095959578,0.13225153263009298,-0.006993004829846719,0.1295463050488196,0.1625523334987174,0.012365917354859072,0.03613814057437063,0.026346291404618808,0.10244770774367427,0.010901898504631411,0.0778381496883915,0.02474039780791999,0.07772455265408039,0.08604383475074937,0.04907450483138011,0.03620960964863652,,0.015499235425138041,0.011667339144499295,0.06584916616329929,0.07770567574106674
2014-12,0.10508980632562068,-0.07189089944574768,-0.05433525769983788,-0.06897166777444601,0.05295245424334052,0.0065123573482236225,0.05399590764952089,0.031101054298543596,0.004118400352542847,-0.03671124154047261,-0.025771801242630385,-0.03399516838446536,-0.05821968738890505,-0.0284462691387233,-0.04387181715059642,0.06036278372351977,0.0,0.007298317140350502,,-0.05059377545746266,-0.0904220707041948,-0.046442247822379455,0.01553106919859341
2015-01,-0.08484088767694484,0.06142423045876196,-0.07085770009470492,-0.14296709891582446,-0.15315840159651956,-0.04560252962658063,-0.038219116536584254,-0.03429250657007754,-0.02704425880213807,-0.05461030779433897,-0.08955654991786868,-0.042364163335692914,-0.024869851574483837,-0.1302473813230024,-0.04239416453051013,-0.06596139730500683,0.003210388415983796,-0.06807375802954314,,-0.006042612646862915,-0.08457347588980377,0.014745308731404363,-0.027803150673285995
2015-02,-0.022064864223697547,0.10077649767727209,0.0024853222800211776,-0.0444544117992164,0.04356457780631584,0.11907465350682943,-0.05707655332284523,0.14423918028408123,0.04031086037374483,0.09830751828834275,0.013574382873473978,0.03083249281918742,0.0517367146655159,0.0931203541012609,0.15338237887344391,0.046072974613507324,0.10792818786675903,0.009965439746018429,,0.04981776627681215,-0.0012770616789314051,0.08014090309728637,0.0721175089381756
2015-03,0.10187903169863087,-0.03137171005822602,-0.03239662514771809,-0.02208652281661247,-0.023521841312852936,-0.05995637174283946,0.009882704454973567,0.007782530530885126,0.04115486830140716,-0.0454021283201938,-0.05954874740484153,-0.01863239076862428,-0.055739730159819575,-0.07274812567269308,-0.05122370202740228,-0.015290103927775708,0.013694835714570162,-0.03747225412887546,,-0.055266054552649546,-0.07165333192256694,-0.04280475627690957,-0.03564176390362176
2015-04,-0.08319456901556327,0.0057865038555163706,0.1137051971750396,-0.023426201324915335,0.03508809821631392,0.04722140614468088,-0.007117376126264898,0.03651435721503017,-0.041960648582038726,0.09149546061894162,0.04093353226471476,-0.013916412687831383,0.00024667693266418415,0.19626195789415554,0.060678138925895485,0.014436177481553562,-0.024720005170042927,-0.021852038915868146,,0.07620319385930593,0.19748893223542321,0.04088599865519236,0.00978422717006582
2015-05,-0.12259265984977734,0.0453390411635733,0.029848310297689067,0.0987821218951795,0.03578125146974054,0.01664913354930892,-0.03655510722419007,0.015176644986103799,0.005332053018143858,0.007016229886288133,0.06633470389800353,0.01683740226868916,0.009861940049643178,-0.03033429105860205,0.00146084265187612,-0.002980454928149235,0.03264168323771514,-0.01408618582872082,,-0.0028869680323702143,0.10948907018756228,-0.0065465544407484885,0.04163809696849967
2015-06,-0.05735191967369806,-0.03722754206123041,0.00901019768979345,-0.07892972543489983,0.03460913512944155,-0.06311829230180929,-0.04287034531262538,0.034157874414795515,0.08309122362420411,-0.01704720519286814,-0.11723740104279556,-0.02676266307680665,-0.03433467058172536,-0.05783174875878776,-0.09127853200324533,-0.07335020305525146,-0.03510795866531965,-0.001913989865941789,,0.028372951710933444,0.06961723665184871,-0.03493034206087592,-0.022277260846933915
2015-07,0.0040059761860110985,-0.032926791370978245,0.049703542542788394,-0.04776954498036917,0.05052899318832721,0.04293582412788433,0.07935713727240028,0.05745497112226458,0.09607095506200163,-0.01768925586057738,-0.04832361628808052,0.028216758516812362,0.047157579527987506,0.05775753547024064,-0.00795623460444818,-0.005235586921951595,0.07545497844421394,-0.011656426883501854,,-0.008937389344733305,-0.007865520048632911,-0.026419969254352138,0.12196573252795143
2015-08,-0.02566232143501736,-0.06619609929090137,-0.10855593730287447,-0.1559866500197698,-0.08612995689662781,-0.08937370102948193,-0.0097454239884343,-0.15099995177882883,-0.04871823983598872,-0.04904190500964319,-0.005972426387772621,-0.05499516345060066,-0.04284338214454,-0.06194911090058439,0.1315580049784948,-0.0713573179291016,-0.09950668935849859,-0.07861820372606453,-0.09560725297149633,-0.04432933718112587,-0.06421189736937814,-0.10085936299738331,-0.05207276311310257
2015-09,-0.0038480611092136722,-0.021816195652253498,-0.12818461206007506,-0.10813673969861586,-0.043441700480897044,0.014296805265519016,0.024897134670073963,0.0031409635925740685,0.005255520732408223,0.02557665838381294,0.05606148985741717,-0.006703749856051457,0.029186227850669162,0.017003768134169806,0.09653036907114422,-0.026152785948625,-0.0251397338512062,0.017971065485970168,-0.11314283098493304,-0.018674831200091443,-0.002649963236862357,0.04376249208542302,-0.023001598237700527
2015-10,0.19031668244969008,0.08340891885729958,0.10456912566091786,0.42157029160148196,0.07702186829964186,0.10791087890921239,0.13305119575051017,0.11291590045496491,0.13426028353681072,0.14670903197701396,0.12342407900674178,0.0822712646956417,0.05558303784428753,0.1893356319547706,0.15091258715647585,0.07957862795580119,0.07672728742150088,0.07125879695691953,0.1601158910894131,0.04326544604842412,-0.16694844338391904,0.05831323199849105,0.11369513063813391
2015-11,-0.10538770842843055,-0.005804346776264488,-0.02350980135116522,0.002982225868297523,0.03873641970416898,-0.05545921490079837,-0.0837270645154054,-0.0023737444713520656,0.02226141625862338,0.03526957702493375,0.034108992258828755,0.009465462763162241,0.014093582123741006,0.03944428624843221,0.12232819560000521,0.003346870574244005,-0.023225994198048435,-0.020162393573679886,-0.02082754887415577,0.004774844864188226,0.11274335216255886,0.03643009989233119,0.020262984130246908
2015-12,0.026417912758118944,-0.11022827449421083,0.018744722909691085,-0.03342061283055794,-0.0317050536419694,-0.0033028560764536163,0.09104595593217277,-0.0680041204359652,0.004029219176392791,0.04850991617283875,-0.009203456644335908,0.014618650654743943,0.007977301810115568,0.02079121712020228,0.039092110802204955,-0.06261191110688163,-0.014952608963116712,0.061063959962383764,0.026659174309494865,0.021977913749557744,0.04234345613143526,-0.00043956797203343424,-0.018478623357900143
2016-01,-0.07933853652577756,-0.075242318093907,-0.06352787966851306,-0.17521838872851023,-0.15983354140760944,-0.11725411884647553,-0.1262575540598893,-0.08812324314307293,0.07213830649899591,-0.06581049472615738,-0.09956447489859764,0.016744869607130994,-0.0009311457618336523,-0.007029634879686671,-0.11134712171323949,-0.0019242271678034182,-0.05545227836933709,0.03767674379627749,-0.0016574964648189553,0.06269825254900206,-0.2033664731953975,-0.017582377493791313,-0.03945846505228981
2016-02,0.05442045380204514,-0.001287326058332263,-0.005282200327658457,0.026555256030329093,-0.11456853339612802,0.1004622965509734,0.0926390560985447,-0.003130980196227447,-0.047143756872727406,0.009714402078874671,-0.037703427060577825,0.014672951045606857,0.0048928896016330135,-0.0697891490717894,0.07457342081519194,0.012943730305425264,-0.017110737206580694,-0.017138271758385077,0.05534034404474448,0.024681042712721663,0.0038179890700548572,0.05369125201634647,-0.024275594829613018
2016-03,0.00024399927334239487,0.12721042012315675,0.04596215312756577,0.14852494671287397,0.08398125122575674,0.08747139482691615,0.009121287178089691,0.0396776777600499,0.06715301560172676,0.09094019237164047,0.09327469696415583,0.028419140801336278,0.08397329250828019,0.08549509146284162,0.13616046178097563,0.11228961198567554,-0.0010112230564327043,0.025158852133493035,0.01206080471510192,0.06008095104814603,0.19715512598060553,0.11252662963752881,0.056499796574963346
2016-04,-0.15410896273283967,-0.139921051271362,0.07818896550466643,-0.026445607619547777,0.07692325474377613,-0.02559169887026299,-0.14400177945715384,0.03977435909963499,0.03049959161675966,-0.032714415909189644,-0.0639876320184333,0.035859779979413996,-0.0342745344822176,-0.09704871841496993,-0.0028064653882347965,-0.022034245489789335,0.10357618152419402,-0.018638921467631544,0.01502595476638536,0.003353957088161868,0.04783048113715403,-0.09961830204561785,0.00993723558957394
2016-05,-0.07747882291485926,0.0717729366134425,0.031639255101748726,0.0657654977649266,0.015796600981774506,0.05674777211625157,0.04631676521030525,-0.039124515908690614,0.010460926249230604,-0.016910783017671585,0.05227438380544478,0.012620968098102493,-0.00446433333162146,0.07019686972783028,0.31835975349369017,0.008529924536753998,0.07033773051396093,0.011483032581575636,-0.03547726847426325,0.008500694507827401,-0.07281110831721561,0.04790161754759806,0.023819392751286275
2016-06,-0.11281743008281528,-0.04265969011792498,-0.016208572644598147,-0.03012196610613567,-0.09972873958648107,-0.012392340372420057,-0.16175796176143556,-0.014110092184283805,-0.03812809420404884,0.049556754394231003,0.03830328906714862,0.07640458949391005,0.024162114077344598,-0.034528503321959184,0.006207171799625497,0.018159204615396402,0.014697500932295755,0.04479220763664955,-0.033871462370571336,0.1037034704447893,-0.049052516041747894,0.10091066500670917,-0.060426108204637036
2016-07,0.2539741618052118,0.09006257090285125,0.07917012184257942,0.037092979038302956,0.09193684124213121,0.07382829163543023,0.06368392571332473,-0.011991496258118791,0.0845292594092974,-0.010800428000942977,0.06280474880164318,0.03239877097297081,-0.037502861129792474,0.1076802827808292,0.21463502012569455,0.0063757087953075905,0.04771365827810166,0.01878125154501589,0.019994614913554944,0.01306898860191095,0.1060391644397195,0.05909265128866581,0.05231265555697268
2016-08,0.025595769479857308,0.023652056297396643,-0.032160774977275,0.1783462474027176,0.11905562555778361,0.02980677868012443,-0.046415005233828244,-0.015528811208249099,0.017589158159056806,0.0032110802292573265,0.037350949313347204,-0.04067617711371556,-0.004583884748730696,0.02007998660241454,0.07623528916969492,0.00438601913406206,-0.04881349600824526,0.02009585848078686,-0.002416760164646588,-0.05567114321154742,-0.09702286592474035,0.034557246126196664,0.03831364443304516
2016-09,0.008539729108441117,0.06550423237816914,-0.01606857999953457,0.08848645187868831,-0.03035946878341218,0.008905797384708326,0.07102040650485417,-0.01693841749903108,0.017047268308414094,-0.04415819979466313,0.05182491359551446,-0.010138957983040216,-0.01759730712823635,0.0024365041043661047,0.11705258829410457,-0.0470647360856709,-0.026724033203555275,0.0279463600558939,0.1028263671042701,-0.006604633174418288,-0.037639749429396796,0.06437020252375415,0.022249776471534147
2016-10,0.10898647595397246,0.004334187925349122,-0.10743122678487715,-0.03875601133036115,0.05431320537396843,-0.024793509003944045,0.06122955233537806,-0.0018308222065522963,0.021205278943668818,-0.017555841734235928,-0.07629135609613698,-0.018115717539339382,0.0018906144080028428,0.04027759759937827,0.038529048852122834,-0.018104858996701088,-0.06377317748072002,-0.025407747643591876,0.016841557387123327,-0.08303436229087864,-0.03087777113835518,0.016672118036518035,-0.0022975040832935016
2016-11,0.14673021128729324,-0.021600769835951387,0.08999621523276319,-0.07542536743235205,0.28474891734057683,-0.028031198922060983,0.15876699740807462,0.0693712683664882,-0.09596157567055555,0.057044849824794595,0.0026591732297252054,-0.03380349904369292,-0.04030407635374623,0.012468174161298553,0.29761129629766464,0.04606961719211557,0.023669112881671554,-0.04999984269575432,-0.05712916651062058,0.05001382621220653,-0.04212816228658807,-0.045337496230630395,-0.0609293184952744
2016-12,0.0053832385761844416,0.04795502302918874,0.029934195714484153,-0.06604976926395816,0.04640177737770875,0.013413634260457547,0.020962828327493258,0.05955604830603434,-0.02845798994507377,0.03535122581600663,0.04524509955287573,0.0351301081865317,0.02750952724221324,0.03119808083918772,0.15770063381118513,-0.043294172720734304,0.010578664418105198,0.019645848177625443,0.004837129514026199,0.1009576618498166,0.1282470368876583,-0.03166057255050687,0.009053186522607023
2017-01,-0.0522595047430817,0.04774658045153586,-0.014267029415347214,0.15374103604765205,0.0244341521845376,0.02527410978261212,-0.03964195715072184,0.06169628275374723,0.13272493583152176,-0.06012667506855652,0.015164023608651203,-0.017012264661024994,0.0026531346728868284,0.040392798647917935,0.022859272369390518,0.047258535956586196,-0.023091150140736847,0.050115710115838,0.007854004281893652,0.002821502737387834,0.17895088235740406,0.07513035945098703,0.06011291506812242
2017-02,0.050013823292555736,0.13377799201931143,0.01194583388647881,0.015694442854621134,0.0901059929253156,0.1126302393135267,0.06113925912576445,-0.005061029725503399,0.04005513864749436,0.012032307743443722,-0.009819765569839916,0.0862574260964487,0.009381601974352328,-0.004363889177979163,-0.06935258054255258,0.061830027094477616,0.08627813743317204,0.039611803551975654,0.055806970558744805,-0.008775979802345586,-0.007700561188844543,0.018117149681769605,0.06525682134950946
2017-03,-0.08757546646493282,0.048689590853175466,0.05368690086051883,0.04791059506384854,-0.041251865805985215,-0.011117560934343877,-0.0795115917358002,0.029975565537246996,0.04803017624386324,-0.0003355628322857108,-0.003591481438069519,0.019147385520601568,0.020366751384892367,0.029384277075316108,0.07341350200902942,0.047428714035770383,0.002638101396990119,-0.013396117290308677,0.02428572518484933,-0.005743164428553829,0.11324450226739412,0.04353354199876145,0.010575324981371625
2017-04,0.007565179650668676,-6.967033890662603e-05,0.022038188906146918,0.07113046497914811,-0.010597654227586868,0.016769007639007835,-0.011313932064510073,0.01949018281953369,0.05772613003925392,-0.027181139462243428,0.0022182064009021053,-0.008671280507224273,0.0167296188121084,0.039477665159785506,-0.042504382278224014,0.012188045429617203,-0.00847732915313616,-0.020608812966334183,0.1092515274971658,-0.03481598773412037,0.12853035120778758,0.007003673373010412,0.026443141449068692
2017-05,0.1382975213500884,0.06780734062161867,0.0012130756788967397,0.06025973233309659,-0.036692286351479274,-0.0745524529267325,0.08564627441213225,-0.06626292541283167,0.008053289276986272,-0.05553628711492342,0.006324511591674318,0.045602030143302,0.053765745129751914,0.026005008382459324,0.3854462305634245,0.009564172910924013,-0.028123939381114935,0.008702688374558797,0.09409048090764852,-0.027756664784707247,0.08577712569899527,0.06924714343711728,0.045812090755667736
2017-06,0.039454527799554565,-0.057213915545111266,0.09830377933258154,0.1505797399140257,0.08255253956047147,-0.007294708631461069,0.09383269063434549,-0.01565684087784418,-0.0031692259675845953,0.003801572635138579,-0.06563289572995032,0.03150107226910103,-0.005518012886441669,-0.01302973197213782,0.001454700539808099,0.10464865664011742,0.028790085302834088,-0.01067083203531203,0.027963974527378654,-0.02076299847952427,0.06040871099125185,0.02090172187382139,-0.015226370109032713
2017-07,0.0023847824448394086,0.03270379812941127,-0.027190945885792548,0.09971613669536417,-0.005770723256390075,0.014180044906693681,-0.08150343550489922,0.04233206408150806,0.12100943694177395,-0.05183264245381531,0.05127455823430311,0.003250518534800037,0.022073625076412126,0.05469331841336988,0.12416979777595324,-0.00043206574429754247,-0.012801260608351876,0.050282133668285316,0.09092605244281365,0.04711976248797106,-0.10547272614300351,0.028604232528681817,0.06163374425044095
2017-08,-0.11120627096048062,0.10699935275969284,0.07709948051693036,0.10835759196904164,-0.004469540391468041,0.024165374446958904,-0.03778832012313386,-0.07941412090511363,0.016070908246399555,-0.04139015065254868,-0.0038550713187611337,0.0037071956289679193,-0.006326263580792271,0.0339528941093915,0.04356169430110217,0.00801131099708772,0.032910793021192965,0.015965760327062904,0.053458601347581736,-0.03948705944299406,0.10025659313937071,0.02808677668827671,0.041449342145114525
2017-09,0.061466260747968765,-0.06024402153629205,0.18007949907296258,0.005648079595186311,0.06069478419710877,0.044085575274704775,0.021826666194110413,-0.02598814269402218,-0.006396499945963817,-0.004832588251654539,0.08582855672273823,-0.017828920875120714,-0.003992394232174658,-0.00374500901117783,0.055063655320307874,-0.03934050983866826,0.052476788254244365,-0.013980591436935181,0.038099845371172884,0.04564871819327022,-0.04158470176709767,0.01568837732074352,0.016615227756105997
2017-10,-0.01410832105495162,0.09680774283828894,0.02272779707793742,0.07052279660876938,0.08089989486331026,0.024237438842482008,0.03753623746119705,-0.007710279061669877,0.05378359398385588,-0.1662529054329664,0.19459005588477182,0.0723022626522758,0.021550669225187623,0.11666001145667265,0.15684941603297808,0.05689314352293161,-0.01792741668955392,-0.04389322000785136,0.13321878716097868,-0.13013595048806556,-0.028056309448773457,0.12729700202504482,0.04503995867679404
2017-11,0.08074647285902437,0.020278064043331843,0.07390604124489149,-0.0422413196191022,0.03286023273941738,0.0922398669166122,0.06434609366243477,0.07166947212145502,-0.015994695778418583,-0.09275803988920356,-0.008447354751203041,0.005546569568975561,0.0035939256170635057,0.01698367616811094,-0.028821130747325233,-0.036149345914539055,0.0436774248620911,0.042274692919906154,0.04368806374035496,0.08112908928546836,-0.06841008829966194,-0.06449328618077585,0.025545350131611726
2017-12,0.030501056561299936,-0.01524588560321735,-0.00216678818509581,-0.026259369252265057,0.04792332866161594,0.02680954931040504,0.05820104890121534,0.033913995207847665,-0.004063585007769771,-0.03227380998867586,0.02943794531478302,0.0027987499184454986,0.0024032545357481143,0.016276835707909033,-0.03592255375971611,-0.036282306447499496,-0.001103030294562878,0.021002324263226214,-0.027862148644132837,0.06871902018363296,0.008094544217170338,0.0012626818713005197,0.012700917093806705
2018-01,0.04401310263555666,-0.010636402283578466,0.16870013285848282,0.1847706429487454,0.08401081144780637,0.09268523982267328,0.013750034032413878,0.010789688314514274,0.059106835990852334,-0.07335225821371075,0.042894421709903326,-0.010950099233509526,0.03727133159293659,0.1107082478252993,0.270284130009788,0.09540821023328662,0.022639538103909836,-0.05313628696341906,0.15892415799706536,-0.024021942485649855,0.1379797493302226,0.14274899151273518,0.08954578606443066
2018-02,0.0006319657817656653,0.06818509274490896,0.03216883633911785,-0.08884426302302098,0.0031249417957655064,0.07799724689626512,-0.04507600396680575,-0.0507039217393401,-0.04585580872929452,-0.11988347968613593,0.030834981283136373,-0.05411631868714222,-0.0918261712722525,-0.008414999836643318,-0.014847877869749494,-0.017832965677921465,-0.010626716040771249,-0.09057232126755023,-0.06926858947320605,-0.030707536449729563,-0.03175185593835675,-0.043257558254200024,-0.008661004719803139
2018-03,-0.04221206886359118,-0.058050801066785056,-0.18285402813943172,-0.01396801392522308,-0.062226333139260494,-0.042206541502410315,0.016882986961997092,-0.026366851597274657,-0.10391438580638315,-0.04464925161907544,0.05660369760484824,-0.013320012817475229,0.013729395079857811,-0.02666106231506967,-0.043016540039381226,-0.09709863367928706,-0.022583480183899877,0.009678961904377408,-0.04457877789037883,-0.017906335143086698,-0.22424645662146764,0.009457790023644231,-0.02700507050885739
2018-04,-0.17378740181810132,-0.015019740711191784,0.030639801597904585,-0.027242019085209207,-0.002334103960056982,0.040943129103376025,-0.047254103480957335,-0.0010951422501599833,0.07641283701666454,0.043768485781658956,-0.008832527857837042,-0.012953673642522402,-0.0050655982480304505,0.024652002414077282,-0.028887239628293745,0.002384193418640939,0.03155840229687945,-0.07909174071772493,-0.016607382240897996,-0.06969388937845841,0.1043474403164308,-0.12134369105750514,0.06069202450743539
2018-05,0.016581052687515817,0.13512389157326674,0.02475419431566025,0.109051203947902,-0.02544609955762995,-0.03567403049586901,0.041195968930599895,-0.008571742236733437,0.11499999290288881,0.0007108909509240059,0.07552468811495855,-0.04729880062194469,-0.004860005967654851,0.06146724450729207,0.12203628112675059,0.022991252000182635,-0.008993735828033592,0.011473590528216433,0.09998658388212958,-0.011620800576960914,-0.031201083223482855,0.006501907348728568,0.0319206555139524
2018-06,-0.1281579684169145,-0.00941831928314146,-0.06357395846695457,-0.06302710001392486,-0.029269959094923935,0.00749237630109377,-0.08344123825473203,0.05368452525498533,0.013244387115910625,-0.024454963633313852,-0.0994564583727635,0.014378927189848532,0.0290841878001831,-0.002326946998255884,-0.06062891956887948,-0.05693503834225842,0.00974094026492812,0.06683078165881512,0.014621627302355965,-0.006497431509037395,0.2044743681225119,-0.020745707433884878,0.013234395574206873
2018-07,0.04162267403730575,0.027983444202743447,0.0056333210110183565,0.009162922219734788,0.09542376359532116,-0.009537022474425396,0.10599655565496131,0.09219375926791283,-0.11187733981962718,0.0014695398721083458,-0.03238796135222959,0.09213784452228121,0.06315553216475638,0.07575305698770822,0.03360072558937276,0.08640523849844764,0.10060633104010043,0.045532082923660296,-0.013570281001230946,0.011109604755448952,-0.13066042374008757,0.12718799654842125,0.032389542592124045
2018-08,0.02644493954276518,0.20042212931434317,0.04065909699761014,-0.06526732628080557,0.0016192585660009245,0.12958133565298963,0.07460489028791306,-0.013561187973224672,0.018252369121933534,-0.050623654678966366,0.0129840584271744,0.02314825491893229,-0.044177764325802955,0.0629927812257728,0.14691457907541053,0.018875852212524826,0.04867371856146658,0.025593515966310813,0.12405651956567251,-0.0009383018084966302,0.011806574089819017,0.05799565675222023,0.07584303114029547
2018-09,0.020998203761748862,-0.008302875842956291,-0.014586226217447441,-0.05856808366221412,-0.04292243447285082,0.018421617657759865,-0.011114825383846779,0.04392083181589358,-0.06413241499843574,-0.11885969680289984,-0.023539277384893947,0.02583709594803511,0.045162550088121936,0.018160637901433057,0.0012114871697020769,0.061342201992363975,0.061416258309193304,0.003375588052072891,-0.04862997296783193,0.05134638834014504,-0.12229002978817467,0.012844145314708162,0.021784836831001846
2018-10,-0.15122188133337458,-0.030477551613486448,-0.1680820931036808,-0.1364408623272099,-0.06653078688756507,-0.05325153848123702,-0.053605510548531896,-0.018043453897218332,-0.07704008823116536,-0.10540297875476837,-0.00866970453962511,0.013172138991011821,0.03658804400988768,-0.06610119501206635,-0.24976868847924927,-0.04894022830275466,-0.02291810918632245,0.07489855615034918,-0.041552755563013556,-0.07276913245316383,0.2740113818513219,-0.13722821764634946,-0.08155088584152886
2018-11,0.14797152725221807,-0.18119756807087684,0.2109183909377843,0.1305875877879067,0.0327272150231893,0.046338591796910335,0.11623394117869801,0.005747610205961059,-0.07365434594035672,-0.25742576269781603,0.05845385158873008,0.05604303777632787,0.06095541040095537,0.04268383242109811,-0.22405004438180529,-0.001637890149806888,0.08190296421702005,0.06574203336640745,0.019242131728348252,0.01825284283958841,0.03901345763104032,-0.01338578474100072,0.02984734252025888
2018-12,-0.20044817758457648,-0.11669838683845453,-0.02206410894810801,-0.147892535098013,-0.12754569159314721,-0.09484013303318371,-0.17805959507912367,-0.043202618285775665,-0.06770502973570205,0.010777255783216927,-0.04826607185615602,-0.12151122208152396,-0.060515911252796255,-0.0840472908694741,-0.1831365549093365,-0.07403608800301785,-0.05580782516402423,-0.027404692568239606,-0.02004429867893487,-0.08642771810689173,-0.05044514778196711,-0.018090113454723545,-0.06894370568852581
2019-01,0.1139832196535281,0.05515389065812582,-0.11839941062379082,0.22922591734182937,0.1554382583095947,0.09984219421301375,-0.009418863074408685,0.017054239870882334,0.2715692051112347,0.3421402241220447,0.0040485922620611785,0.031228277869156704,0.016472895738643075,0.028157953573708826,0.07677893068254858,0.11691840940120911,-0.018997933878509517,0.05780283486160268,0.055535806894018824,0.07071591284684446,-0.07746391855621039,0.019236173685524258,0.023268018366706437
2019-02,-0.0011982426785497545,0.044776601871856996,-0.013077560665164996,0.08629587994596348,0.02664109329049879,0.09473460256962114,0.010044551370642868,0.011836433871094735,-0.03143563151009008,0.06354316171318787,0.13106299601821947,0.03356041668721112,-0.05796789036937638,0.07735750797024561,0.07421907303868053,0.03782602725290885,0.021201453790041146,0.021561256326803006,0.10488955987523069,0.035262856010359035,0.041886561771395235,0.03801156037237135,0.09901880748496397
2019-03,-0.10861640971969885,0.0970257667633281,0.017036621951905903,-0.0031688894439324744,-0.05123793917674133,0.04288197894093406,0.041750826265507496,-0.01604041393707038,0.03245590332741789,-0.037479979226886305,0.013972946240690991,0.02305312305141263,0.04254701131969996,0.05275382367421476,0.1640087414324029,0.03030874966610475,-0.020299978430754425,0.05580916480996366,0.05883549159805826,0.007712031747248955,-0.12510943791114681,0.04891159926497694,0.054482788451380694
2019-04,0.0761963309440218,0.05643588338966823,-0.001828481262193843,0.01710063265641848,0.10837253374777019,0.04286428997709694,0.12855756317006964,0.23363054198875902,0.16023751313140117,0.018018110695659187,-0.04953446257812327,0.010086557920881152,0.04694843141546912,0.10734264725241233,0.008019661248143467,0.03477555002171591,-0.04379563016063529,0.030577399664560866,0.08599769472369748,0.0030383889873058134,-0.14710928931805708,0.06982438120454255,0.05275618440062618
2019-05,-0.20103605242570272,-0.12421289633179299,-0.033757417695357644,-0.19566746448386863,-0.13015038173955726,-0.07006267587389658,-0.11114948343223131,-0.03599333204556969,-0.08236811364279378,-0.07177994437071783,-0.13186306777207663,-0.06482004643527099,0.0014267322437406743,-0.04948072015531688,-0.2507479014440422,-0.08548711579626324,0.03147626854662665,-0.03352733843373275,-0.02678014306079248,-0.012273960970325515,-0.22426573588626708,-0.1248287889379644,-0.017343776196528642
2019-06,0.1975763272531532,0.13051911400829216,-0.052014065998108996,0.1352673401075435,0.09611653492606409,0.05189329576007494,0.10194176005381737,0.05755831601628047,0.08750774030808532,0.11335881132375328,0.08696638582065937,0.061990055627586124,0.04452473438353487,0.08311769329561096,0.21238719469065345,0.1258894034146035,0.043352500230550685,0.06549407363551207,0.04291570919792853,0.09581422895653052,0.20684811887285137,0.05459163929751238,0.07574533622448001
2019-07,-0.06439746678572433,0.07639454655157861,-0.06991371367736066,0.021599313827236646,0.05793101115320573,0.018630007048314655,0.0825008382481047,0.03047587340054231,0.00637303485771535,-0.004761955240965408,0.05598487351836467,-0.0650488188690711,0.03358205636595162,0.017244035794192755,0.02733965002757721,-0.007760338717423795,-0.10341638793342799,0.08348676927010411,-0.035470885820970785,0.031473837942112205,0.0812225262766159,0.08833291361207538,0.025640950667326246
2019-08,-0.1346265185685596,-0.016461234931343327,-0.013209335696370247,0.01109120306265253,-0.10332458951638307,-0.15505411589840112,-0.05209694397805539,-0.040207005087540514,-0.04407145006892498,-0.21052626262950885,-0.055784392799900696,-0.006897261734100065,0.04579140809034657,0.015036884886860327,-0.006188751476995162,-0.07531077677607159,-0.07614343538589281,0.01855306914071855,-0.012228246879187226,0.0355360495633146,-0.06622236333772837,0.0,0.017308526803366416
2019-09,0.025085509158632217,0.07296154828875263,0.1518103105476418,-0.044563806811158034,0.06733030619227262,0.05554367447290601,-0.0044937045200680505,-0.05056096591573735,-0.04087895951280355,0.08480774478029154,0.08690154426328883,0.007946418726778072,-0.0036695487648104414,0.008486756269803468,0.03916191731541884,0.057049508007171214,0.01068917997902883,0.03451714895067013,-0.050068835956618304,0.07317061452371251,0.06763880206911092,0.09816301320981975,-0.04872260322191053
2019-10,0.11457167746949308,0.1106845144185034,0.08161843441030953,0.05644921773954032,0.07199177699175888,-0.031170990295993052,-0.03664592985205117,-0.003069334955046575,0.07620166175820012,0.11633116623434046,0.09703081921543005,0.020559538285939125,-0.0001837149184917179,0.031216213996191327,0.15482275863086725,-0.005396421053765251,0.06790992111305362,0.007439774014355914,0.004923275936480777,0.03120966994310019,0.30742727278126303,0.11080037924288966,0.0398234208334743
2019-11,-0.04081300152268152,0.07755412691076286,0.10282831589225612,0.13205412391947138,0.0655578813794754,-0.046306072578869595,0.04048655639964778,0.16671800337652587,0.05212630217228156,0.1292586790932464,0.03253999523504214,0.04848964113211897,-0.011595005166120106,0.059462341331640925,0.0789967390634639,0.0302807541012616,0.013611474103058274,-0.019677172164937896,0.037560074153904895,-0.028838674412945742,0.04769461684593636,0.028278088187634144,0.03331675552662953
2019-12,-0.0020876522175634557,0.09878378755944266,0.009232945941193293,0.06050003051757812,0.06279387255604459,0.05848606705970185,0.020415249867194948,-0.040133835825286325,0.017903196891880614,-0.008862689672844986,0.031007768523825353,0.060949914881915285,0.0365168407539619,0.041749161421156825,0.08563254178004004,-0.05628790668167117,0.01713382797752206,0.02326728652890417,0.0014813075599521286,0.045478721142391355,0.26789721891522883,0.1020131570324322,0.01837293892248205
2020-01,-0.06415620306414359,0.05401001674899549,-0.07257044237531605,-0.02597835741190801,-0.06785912877996192,-0.034446473561325554,-0.04685356009591875,-0.04369776056731507,-0.01627282016024665,0.11559134341124597,0.06817043981548133,0.020566201723436053,0.05510392321579137,0.07945471690881413,0.00480228076192846,-0.005597192494199449,-0.03980565315907907,0.003686084326718649,0.05287973853682923,-0.024474464797072694,0.55515977629586,-0.07160070140700904,0.058914428276327944
2020-02,-0.28761556907061653,-0.11470151257851177,0.057886896050764275,0.006825130389194777,-0.1318916203284747,-0.1313901315487883,-0.1666885686475498,-0.14937456725760137,-0.04675351528002458,-0.12610440259593117,-0.12727329355036102,-0.0909013251494203,-0.0840753764398018,-0.045688127255966646,0.14296639722057786,-0.05700669745139932,-0.1025779753095293,-0.09139784145998396,-0.05180438631572389,-0.06379575215978739,0.026776586928037277,-0.0018539065533641032,-0.08517254155471729
2020-03,-0.36010498327640655,-0.06976141613959538,-0.11107209911403632,-0.06500002054067758,-0.2503346903062091,-0.01552713019819055,-0.38153045683830983,-0.17892055060558196,-0.13337142414993713,-0.26949583799387183,-0.02521618128096857,-0.024910586714698788,-0.16548755845746285,-0.02654152922243726,-0.023956654386857085,-0.022846744512564316,-0.023339305861256997,-0.028526033765918897,-0.11343643154297954,-0.17234531537460251,-0.21555713856432068,-0.10394872459751865,-0.1135563030362238
2020-04,-0.014766149113829992,0.15537375664147737,0.09497204490333021,0.04211231294389892,0.13283086212362485,0.08831881323397647,-0.09183318528484243,0.11956525087163465,0.2272781952548643,-0.14357681511876844,0.1082779097166805,0.14420794357634323,0.03706218932326569,0.13632613968206173,0.10880113746496256,0.1012133255993182,0.17524504618562042,0.07869157485098813,0.28472950432920735,0.0636709509482606,0.4921374286873671,0.11173890093758918,0.10923541914059602
2020-05,-0.12572857619524136,0.08509419063168826,0.1273723245671589,0.023289096873472814,0.002910694863562435,0.12836244055509893,-0.027016625513773176,0.0846047285879088,0.09955541476049828,-0.03382351834287917,0.055109629611408764,-0.0017252252967344215,0.017215051621224046,0.025391215425334332,0.2146571873792802,0.015102878420267528,0.005490025299571633,-0.01654367319204282,0.260243857779154,0.012799486238313148,0.067938765788293,-0.05270092054181134,0.09426429066671577
2020-06,0.24476187569754465,0.14738620327038549,0.05945825407390639,0.040069422744829476,-0.008472926390605042,-0.024675847883106845,0.11265371898950617,-0.04936062033154889,0.008796530359154033,0.041132333757627704,-0.0492610512747903,-0.05458824666517831,-0.0341491804577426,0.11055930752870224,0.07059712017133452,0.02789656052271259,-0.14375484334419736,0.031487249006330924,0.12399201278505641,-0.020414794275806974,0.29318566236667293,0.13638805815266164,-0.01060235513095519
2020-07,-0.14919662240216774,0.16513161136724233,-0.02150745869779581,0.16374597971224766,0.04757894437201741,0.01781785109577663,-0.10980392183528695,0.04869518609229344,0.11714444878995461,-0.11127376168468729,-0.2022397086814998,0.03647872204707346,0.057296330994973985,0.007370650041021962,0.11760676914927946,0.007498163821500484,0.18825961030912558,0.10351604574829551,0.1253516164394167,-0.004507244184524742,0.3250108843981532,0.3896423976144081,-0.01433972444084402
2020-08,0.17356118030919804,0.2165693086868944,0.009061175461958455,0.14345468047936985,0.03456587469800946,-0.10360926123278975,0.23548262834634856,0.12767224528887833,0.15583243711681968,0.04448107899568383,0.07471251789345279,0.05948857084174933,0.048475832255055154,0.10275200540769007,0.25999187277353253,0.03192067450871066,-0.01793135745627101,0.054987850689159186,0.04115872782156455,0.007775525046089796,0.7414520719546438,0.004563336414829677,0.11507607338790658
2020-09,-0.058237564580375635,-0.10252632064388688,-0.08541302658776345,0.024213539478761082,-0.057583091724285725,-0.06702990397725159,-0.008752040662075635,-0.05907328106905716,-0.1067531275832473,-0.01572600098659003,0.016290441686531917,-0.029528705241897702,0.004838221037794725,-0.06739678548536183,0.011966689833597527,0.04334147043650452,-0.028843612759480667,0.004771225716569073,-0.03482904198887784,-0.04360951581283801,-0.13908732649680475,0.028241595780360926,-0.05670080645782398
2001-01,,0.4537817313635459,,,0.17318826223727823,-0.021241705776188807,,0.052267837814059914,,-0.04083416661080771,0.23076871481221267,-0.1135755176475281,-0.04820548448272775,0.4077805302315949,0.5755838986492138,0.0021506428982089355,-0.018478285209579795,-0.07511189891908984,,0.01773157816520794,,0.39942039975141375,
2001-02,,-0.1560694828972046,,,-0.0369999426678545,-0.3672787336894834,,0.016420458102592437,,0.011309269076166337,-0.22760740922039172,0.05213844533185376,-0.08568936928835859,-0.03377684652470408,-0.1343823557520859,-0.3476394725514739,-0.0008815107600969855,-0.018652088262076132,,-0.013443377181578843,,-0.21996677375637372,
2001-03,,0.20931489424296973,,,0.07988219135855609,-0.3324539037785903,,-0.07592904947369795,,-0.09641171409280055,-0.07877455554128027,-0.10130531463116625,-0.14224286483327966,-0.07309330124783756,0.452797333505976,-0.23000026397434636,-0.09000016852039097,-0.11205702058829273,,-0.06436045885846269,,0.03558119748791039,
2001-04,,0.1549619865710591,,,0.022830553766414186,0.07383385606394846,,0.05769255647986706,,0.15934074261022174,0.1747266252703111,0.10300697096620531,0.022807855693603378,0.2388576260843261,0.28308026342194376,0.10457965764630126,0.05738712974350266,-0.028892472534765828,,-0.0703725788880563,,0.2430769425267568,
2001-05,,-0.21734031922327726,,,0.0782994073963338,0.13427623779584777,,0.04528925724267009,,0.009684790743053482,-0.12562494751253447,0.012108999191193686,0.026195471895885388,0.021106608552223297,0.027731158215168614,-0.05321760252994963,-0.006926743476946583,0.06977540600174564,,0.043636494137513915,,-0.18069279979850958,
2001-06,,0.16541382498668647,,,0.013164380235734088,-0.055036385950776145,,-0.0863379268504275,,0.0,0.08293204862871702,0.030634611075523767,-0.043129457111085574,0.055218410116448076,0.08340154535755008,0.24183017343538998,-0.06621565389547651,-0.0068491525717648185,,-0.0694543204620973,,0.07079542547271322,
2001-07,,-0.19182822959372905,,,0.059803864603750735,0.056043427346867736,,-0.08791965696675177,,-0.10925133585388343,0.01914510263524567,0.08286674039783491,-0.008888701635248504,-0.09328748711465439,-0.12776275054618916,-0.04842112972143231,0.029213582458837793,0.1253973946720673,,0.13108263186983402,,0.07307423476563499,
2001-08,,-0.012772827389526935,,,-0.03332357217672423,-0.15036403448180313,,-0.03491454741191926,,-0.059769390864018876,-0.06147516393696374,-0.02248789755853785,0.09125608019292063,-0.13808739159481792,0.04709503119065449,-0.3246681384360044,-0.06810108092584725,0.04407181376736722,,-0.09149408323095576,,-0.20368067798952816,
2001-10,,0.13217258164313697,,,0.01010262599567065,0.38916286701176694,,-0.0016108620079096864,,-0.02123660025087311,0.19471639107345182,0.0453072580843825,0.02198499264390505,0.1364086033963775,0.5602478643735506,0.07790208502283909,0.044887823943659325,0.024578520791934108,,-0.1866546921639365,,0.36037914066016435,
2001-11,,0.21298437422495559,,,0.0405148939303525,0.20803774764471597,,0.10112944911132446,,0.057401645476139476,0.3384461638117129,0.008897357817823956,-0.011801496015640138,0.10421342410661749,0.27484807269139333,0.034660605291396,0.03632862317382634,0.04987833414081333,,-0.019155236340970775,,0.2339271949072019,
2001-12,,0.028168993651304295,,,0.04570797355231175,-0.1139919489719916,,0.023102761782032643,,0.04586715540133631,-0.03704881885566202,0.014592391824488576,0.004046236439326546,0.031770514154150185,0.2243781238986825,-0.01568069264743066,-0.07988916704069345,0.021559440868562808,,0.047886330964941846,,0.0778408163583789,
2002-01,,0.12876689134071587,,,0.0012708344493697976,0.09331815341441305,,0.01640917809498159,,-0.07310375592380776,0.11414982799658714,-0.026903279636274337,-0.07211093870215901,-0.03833942999017505,-0.017339612121899762,0.24981905292364515,0.04567073376240169,0.042169920528210655,,-0.03773118375204834,,-0.011648515709735609,
2002-02,,-0.12216809869863951,,,0.03409491527276542,-0.27929273559438833,,0.0921177314552192,,0.0413703182060023,-0.1847374505847163,0.062237714671022605,0.08319976973698077,-0.08428821534772421,-0.22406434542580705,-0.03708017013159232,-0.013925391177636312,0.03807532656557578,,0.010413453574654534,,-0.0424277456735605,
2002-03,,0.09078329209918908,,,0.06364354815347514,0.18640489310450928,,0.0034782425389062507,,-0.028571589013339074,0.06514906960224287,0.06650240286085062,0.11201428448730491,0.03376756525900097,-0.13036679959693412,-0.22984356599064668,-0.029785211954297456,0.0625071431478629,,-0.010570633271260623,,0.2769230707939288,
2002-04,,0.025348527153541245,,,0.06556905182954653,-0.1346722041456074,,0.004332942949724543,,-0.15641687350076988,-0.05919078105296763,-0.016782201781480988,0.0621887324145412,-0.13347705662882822,-0.21528399043090318,-0.21562527903212803,-0.08530419799977691,0.010306329023460712,,-0.1643634251709657,,-0.14698802067184302,
2002-05,,-0.03996704579021349,,,0.04594382965961644,0.07713326712192621,,-0.011648222793151333,,-0.012995710581790746,-0.03391040862114743,-0.03604139138606114,0.0009010065159957582,-0.025832627819107334,-0.03878209201290678,-0.21115509095627316,-0.04482061827675766,-0.007866216249554891,,0.10399192633103675,,-0.06327661356253377,
2002-06,,-0.23948472354050773,,,-0.05667533424302014,-0.11596943589870208,,-0.17503251705955203,,-0.06103399190203949,-0.33852258693222237,-0.1481658342053757,0.015441195665312865,0.0744451345903955,-0.48655108887611026,0.19570720143578982,0.011560932141603435,0.004951532503857749,,-0.11052773971305908,,-0.13751510026246286,
2002-07,,-0.13882640677400826,,,-0.05486082573696519,-0.05448022062932824,,-0.061905065773250556,,0.10843351816845692,0.02846182984928488,0.006506041324086652,-0.10821428116398278,-0.12285168765825637,-0.35564597152969685,0.05702203856813869,-0.07571441506739145,0.006688172035162336,,-0.08532408479508216,,-0.29846155406300445,
2002-08,,-0.033420647769590126,,,0.05383455407152089,0.047762937791684494,,-0.1156231915268171,,-0.06366452998104644,-0.11176288138213625,0.03630502752908359,0.02122559065106222,0.02292628447307064,-0.08762423388213199,-0.04195808226779784,0.026766142221578366,-0.003820234299583109,,-0.10556720325686758,,-0.1041666128894866,
2002-09,,-0.01694900939937822,,,-0.07304193448061373,-0.24167870714341616,,-0.03443882905059165,,-0.17646899576322808,-0.16676661321315198,-0.004235280826169094,-0.05216967970714814,-0.10880195301293258,-0.1524752899138896,-0.18039611017356577,-0.12273295461577495,0.008234713648641203,,-0.18755089442052827,,-0.222766385220435,
2002-10,,0.10827548861909451,,,0.09404376462531576,0.06679396269668661,,0.10303834158329439,,0.024340663460096657,0.24550054551580833,0.0863535976706962,-0.0308591718729776,0.22245087745858655,0.39018702499875074,0.2964375407595451,0.09476234161804466,-0.001348633827868498,,0.29322045337421726,,0.2314962867451334,
2002-11,,-0.03546984885579136,,,0.004011799091491552,0.3345262140516355,,0.1868261829316648,,0.07405982140255703,0.20822350067879242,-0.02614433818658009,-0.009287209215979883,0.07873530193849713,0.4394962003868595,0.19234536115030074,-0.0036963795349534674,-0.04431873834155411,,0.11067825737030712,,0.1828640775785673,
2002-12,,-0.07548375858534584,,,0.011403563334576764,-0.1219839403492874,,-0.16668344384047978,,-0.09507059926651985,-0.25431022071441556,-0.058050273290269676,-0.039439137468190284,-0.10367500382340154,-0.32807954938276035,-0.11111099948884104,-0.030447118469003224,0.01668013538711402,,-0.04877256430252483,,-0.2378377267508231,
2003-01,,0.0020936570728667327,,,0.006899531083912629,0.020610798698505232,,0.07296160206146406,,-0.049692297298931376,0.005780323501010454,-0.0018619022087121566,-0.07709867553945948,-0.08201199581759006,-0.10338826531381014,0.11388848847575615,-0.0020436157730681142,0.005278887129797162,,-0.09037619252888823,,-0.0496454374357461,
2003-02,,0.04526445476200675,,,-0.011563409221983432,0.04562443834581643,,-0.025142915066542766,,0.04796121573643744,0.10294303035859587,-0.017609899147783586,-0.005931704085651144,0.0019477226554762337,0.22286790947898735,-0.005818578275290827,-0.017786656853718694,-0.04335626193594176,,-0.14893591963990394,,0.05820917679405138,
2003-03,,-0.05796137550973011,,,-0.016156078641225785,-0.07153094334033001,,-0.0023446905612558304,,0.06029119769453405,-0.05623167549014005,0.10333711829481566,0.0183623853821812,0.021518849408838216,0.02060196663007321,-0.09280952512609017,0.04493626445687914,0.08783268653015787,,-0.035577431762386764,,-0.03526094704557521,
2003-04,,0.0056579238421651775,,,0.1078693116718898,0.1556243343068327,,0.09635739934619429,,0.1549017522414316,0.13022069695077726,-0.026093187280928076,-0.001976210668496818,0.05617463821328691,0.11257777415754713,0.0949311008523163,-0.013157679733725183,0.01826663883704417,,0.17971737900346837,,0.22368424449085056,
2003-05,,0.2623065496148733,,,0.0020257380979922007,0.09399979928772442,,0.0530546684640493,,-0.025466829530240872,0.132712388869758,-0.031470898936368806,0.1279704142264233,-0.03754395365972281,0.8262383992082355,0.09511762324657011,0.013346671005369624,0.02192579226930871,,0.08989738870262184,,0.2114695189286509,
2003-06,,0.06183841505599539,,,0.08341139297367038,0.0231570909249007,,0.005088928634997322,,0.006098093718161667,-0.0004802382084713991,-0.048757878305192015,0.028140451682075806,0.04185330600431334,-0.12456977312835708,-0.0768636361310264,0.10090280968982028,-0.02875203749336326,,0.003535032281503139,,-0.005917064974186191,
2003-07,,0.10598107548829687,,,0.044793266938602534,0.16080968892700193,,0.10987333063272138,,-0.008368575080393816,0.19605915081110772,0.0017403053454585374,-0.031027937368940273,0.030031381896643162,-0.16673955020773,-0.0016655487247146477,-0.023133355561052733,-0.004482105668601696,,-0.0758060361828818,,0.07142835456388562,
2003-08,,0.07258046635717892,,,-0.0402086212404978,-0.01795823198458694,,-0.06478121670715732,,0.039732834928101826,0.14956927225862285,-0.03814619487541686,-0.03224310548505512,0.004164517149929159,-0.04819265328311391,0.07005864549805639,-0.09900625513825151,-0.006600581220948494,,-0.038527335539363466,,0.1780000100269354,
2003-09,,-0.08359135533473443,,,0.004975912474486733,0.02351123656770327,,-0.016097472110537213,,0.014623227865751617,-0.037425702094994934,-0.0012098727496651371,-0.003109955284295076,0.04826592692248163,-0.12107851303271588,-0.12314893205564531,0.015374580972220822,0.06335190876942634,,-0.009349882852380094,,-0.08064505235561648,
2003-10,,0.10472980751009912,,,-0.029600205664110875,0.06840237018045754,,0.12245925219422217,,-0.026836460064451128,0.19731107048905064,0.016357247269132177,0.08007470090130095,-0.05443747775362687,0.10707552421003133,0.0640001167820547,0.04015786851034339,0.06909535516452887,,0.09120817542836783,,0.02123734355684244,
2003-11,,-0.08650065630323209,,,-0.003961440054711023,0.08456748744964127,,0.019876085866484285,,-0.011719778443721449,0.018510930309289846,-0.01577259042494466,0.011714381048756247,-0.01644955794490102,0.20079183022366098,0.004176905452392103,0.06737655406946279,-0.020856564787177508,,-0.029191144335404144,,-0.017179076432606338,
2003-12,,0.021998864667686236,,,0.08903080773746987,0.0674007417653668,,0.020132572109178837,,0.08793840908185313,-0.044424826205773114,0.047870032123009644,0.09139739130852255,0.06456624567153532,0.09279315965088453,0.1006655915040614,0.052427914841954644,0.037821716524155974,,0.11984535504578442,,-0.057957472860430556,
2004-01,,0.055685952135583285,,,0.012806081964996666,0.06108138518411164,,0.028718163032753798,,0.08553895473473788,-0.047737860139049966,0.03406881395183969,-0.029753535744547713,0.010230005483664751,-0.04094836631464167,0.04761884392985045,0.03679557369157114,0.021434984323053196,,-0.010461692202467983,,0.09179653740473095,
2004-02,,0.060283743193935244,,,0.005646871647115242,-0.09918306319909216,,0.10541670173907786,,-0.026867258733533315,-0.04203037741033329,0.013624265260226026,0.014622023995058174,-0.04050639881440192,0.0,-0.07142851996163861,0.0050377002972650485,0.014147067540144179,,-0.05843100346036037,,-0.07066183660119887,
2004-03,,0.13043446315586177,,,0.008075876198824357,0.017703132737228018,,-0.05804734766981844,,-0.061500527395775176,-0.06849268293925935,-0.05917287098350192,0.01699589948131698,-0.06030893701314441,0.18651717314977725,-0.06759887406052442,-0.04365595047688447,0.023119342378076477,,0.022073947043704613,,0.004812169107647095,
2004-04,,-0.04659762146092014,,,-0.006050406652462738,-0.11285562431349844,,-0.0784315344059323,,-0.018675925832917585,-0.05404379803249701,0.06526018945722008,0.00536793323664421,0.04813459307703358,-0.22272747090625428,-0.06250000577930614,0.02025621923045757,0.01841194076202659,,0.027339022515855255,,-0.08716454476762601,
2004-05,,0.08844094592480763,,,0.032799041178166996,0.06982316105586722,,0.019105466979627547,,0.03906459164113526,0.11129081493550848,0.03647185750352221,0.015424079060189418,0.003827108684626792,0.14278757914861623,0.013333571368827714,-0.008458906545083878,0.019189282432771262,,-0.04819270159258683,,0.06505761804399769,
2004-06,,0.1596579208680288,,,0.03792176393394387,0.05945457243339248,,0.08606743116809905,,0.047651624452120865,-0.0332748078317863,-0.00017959889002460016,-0.007329358297446134,0.0888297102877225,-0.12707891354712453,0.04649082071189939,-0.029994273386778316,0.009831106657922032,,0.023207196450566334,,-0.05599363292871964,
2004-07,,-0.00614645415731276,,,0.004609080501991776,-0.11729931280435901,,-0.09415469438627821,,0.02623449889314376,-0.11666686406396534,-0.007720123594915364,-0.13114115927168196,-0.002450964885924656,-0.2467024267865344,-0.11902744220010843,-0.06767809184309098,-0.03765009189724142,,0.05865864020430416,,-0.14320120271372694,
2004-08,,0.06648073274574759,,,0.058228078336322917,-0.10325082035581737,,-0.027717755962492166,,-0.013834572565075828,-0.12529590809732297,0.05655227693652597,0.019380270474932425,-0.038942389417656056,-0.19195837843126773,-0.05137983292041707,0.027765733395906378,0.07325024243295761,,0.01775853271537795,,0.060393716274087024,
2004-09,,0.12351431311420533,,,-0.026947942497735185,-0.03518145104192037,,0.0044546977057007735,,0.03040924853772704,-0.0577732968276801,-0.030465023633407626,-0.09367923476847026,0.012820587715386631,0.1653289303391958,0.13139418332906325,-0.06336127974800411,-0.03305364465616909,,0.006203589329727059,,-0.05430494684673896,
2004-10,,0.35225802091369085,,,0.033695223143513926,0.061325988821508755,,0.11840340848451456,,0.016081323961010394,0.10967092525548797,0.036392651741495405,0.01523155589570424,0.011573090018239232,-0.003443386954144057,0.12234049826379786,-0.05392157495562369,-0.04984195354281322,,-0.015275640766397114,,0.06022420904289507,
2004-11,,0.2795806349815489,,,0.033042861961032864,-0.023945323823249622,,0.06582075762705347,,0.036342456121252746,0.007172787987754248,0.03811254250699714,-0.020920894825885317,0.06831731426122946,0.32204546756687813,0.006319263481242968,-0.034985478977886765,0.04493968303826318,,-0.0035631069985230224,,0.05284027621131515,
2004-12,,-0.03952279534224842,,,0.025535042181164168,0.030399840347759065,,0.04359484802513923,,0.038632666973990246,0.04512912329942691,0.05139293025394053,0.05927259453096163,-0.0033570244142108532,0.23157339354954534,0.07692308362291193,-0.031688372221269204,0.02991757176615203,,0.023837909970556858,,0.06524466914001523,
2005-01,,0.19409927587474726,,,-0.01319450867766665,-0.06625257999363444,,0.029856321161419792,,-0.010136744457375363,-0.040187402651642175,0.020182689660927414,-0.003602321644772887,-0.016467092293982345,-0.027164763137454515,0.0036442986581200613,-0.10152488411617488,-0.02925242558632542,,-0.06615980726631396,,0.030624320228691517,
2005-02,,0.16670999790241994,,,0.006038096035772442,-0.034368196892408116,,-0.024100819567721036,,-0.01937915911879479,0.0723960110104049,0.018298946201956847,0.03157389287692859,-0.039664321268761384,0.26483413688555807,-0.05954996539366887,0.09631507777522003,-0.0026304412870896752,,0.012626340654705614,,0.04228544082307932,
2005-03,,-0.07111040352463024,,,-0.045539041065957346,0.02698023204568093,,0.028275137632733798,,0.024431692760138592,-0.03168030699959646,0.023780444088809766,-0.013576446282280677,-0.03934775021618605,-0.18040693767014443,-0.03629336959771268,-0.0007610549566719567,-0.0016948890230674475,,-0.015378027446261535,,-0.07017541495830543,
2005-04,,-0.13462899488512695,,,0.02131541979184738,-0.03465601894110624,,-0.0811000429311937,,0.003882927913183963,0.012483986989381234,0.021887932959584817,0.04247662658901339,0.0467517821840181,-0.07702033708213822,-0.07371798975444527,0.03425946275695137,0.026990252979910007,,0.018212368585672923,,0.015330219700600806,
2005-05,,0.10260669396009675,,,0.028418618603841293,0.12333539282367112,,0.039393881673717275,,0.007734533456693348,0.15011961426071246,-0.017500622320396075,0.027394307679027726,0.022998055486148822,0.23575001386630443,0.10726655887799441,0.03397057793701286,0.01846782427476664,,-0.017646821559071935,,0.06968665137308494,
2005-06,,-0.0741951720279443,,,-0.005668231334691347,-0.016494990561454873,,-0.08236140487261162,,-0.04404161733318545,-0.03486596278798099,-0.03129641418294109,-0.05245744240138053,-0.03720985586261253,-0.014022013060167088,0.031249864547510664,-0.011469606875521081,-0.04351748606401221,,0.015825246128797522,,0.07692693744691385,
2005-07,,0.15865290022914563,,,-0.04406943372829184,0.003669144011814031,,0.01826811065590484,,-0.0043286426765054755,0.0430431170416589,-0.01599994524473323,0.04814408264427494,0.030998857614883066,0.012724899563092027,0.028030353340523492,-0.03915891074682912,0.0600050260487666,,0.043436623724259334,,-0.05811396225400955,
2005-08,,0.09941359408618389,,,-0.001489565538645026,-0.07989570116413704,,-0.017550419583534267,,-0.025796888667736224,-0.04956193594769457,-0.003795307685351993,0.005484176382758955,0.0722842111378512,0.1337765504936472,-0.04274132299578653,-0.03159895529933032,-0.00269619072487933,,-0.015132763066405788,,-0.04190940251694189,
2005-09,,0.14331405087961385,,,-0.021612651600292042,0.017026147523617932,,-0.042080378118274274,,0.008663935883221199,-0.0416019691901286,-0.0017352160320220392,-0.005827889107327145,-0.0602627026806214,0.11734020618974834,-0.04541961577696346,-0.020016274531003433,0.07173706863633066,,-0.004568339709823825,,-0.0012149997180313562,
